Title,Category,SubCategory,Info
"Download from 60+ filehosts like rapidgator, uploaded etc with 1 LinkSnappy Account",,, which allows you to download files stored on popular filehosts at premium speeds without needing to buy a premium account at all those individual filehosts.
Fear: Trump in the White House,Books,EBooks,2018 | ASIN: B075RV48W3 | English | 357 pages | EPUB | 2 MB
Rufus 3.2.1397 Final Multilingual,Applications,Windows,File Size: 1 MB
ESET Internet Security 11.2.63.0 Multilingual,Applications,Windows,File Size: 96/101 MB
Battles that Changed History: Epic Conflicts Explored and Explained,Books,EBooks,"English | September 11th, 2018 | ISBN: 146547384X | 258 Pages | True PDF | 133.57 MB"
VA - The Ultimate Collection: 70s School Days (5CD) (2013) MP3,Music,Mp3,"
Original Release Date: 2013,
Genre: Pop, Rock, Funk, Soul, Disco,
Format: MP3 320Kbps,
Size: 836.40 MB,
Total Length:5:53:09"
Infonautics File Date Corrector 1.44,Applications,Windows,File size: 8.6 MB
Abelssoft SSD Fresh 2018.7.43 Build 159,Applications,Windows,Languages: Multilingual | File Size: 3.4 MB
XnViewMP 0.91 Multilingual,Applications,Windows,File size: 83.8 MB
Zoner Photo Studio X 19.1809.2.82,Applications,Windows,File size: 90 MB
APC - October 2018,Books,Magazines,English | 116 pages | PDF | 33.9 Mb
AnyMP4 Blu-ray Player 6.3.18 Multilingual,Applications,Windows,File size: 45.6 MB
"Healthy Gut, Healthy You",Books,EBooks,"English | February 15, 2018 | ISBN: 0999766805 | 334 pages | AZW3 | 6.97 MB"
ESET NOD32 Antivirus 11.2.63.0 Multilingual,Applications,Windows,File Size: 96/101 MB
"Network+ Guide to Networks, 8th Edition",Books,EBooks,2019 | ISBN: 133756933X | English | PDF | 816 pages | 42.23 MB
"The New York Times Best Sellers: Fiction - September 09, 2018",Books,EBooks,"English | 15 books | EPUB | 24 MB,
Fiction"
Quantum Mechanics: The Theoretical Minimum (AZW3),Books,EBooks,"English | February 25, 2015 | ISBN: 0141977817 | 386 pages | AZW3 | 7.55 MB"
Aiseesoft Blu-ray Player 6.6.16 Multilingual,Applications,Windows,File size: 47.3 MB
Tipard Video Converter Ultimate 9.2.36 Multilingual,Applications,Windows,File size: 55.8 MB
My Herbs - The Book of 7 Best Healing Herbs 2018,Books,Magazines,English | PDF | 132 Pages | 135MB
The Old Farmer's Almanac 2019,Books,EBooks,"English | September 4, 2018 | ISBN: 1571987770, 1571987738 | PDF | 288 pages | 80.8 MB"
Pepakura Designer 4.1.1,Applications,Windows,File size: 15.9 MB
"Handbook of Spices, Seasonings and Flavorings (PDF)",Books,EBooks,2000 | ISBN-10: 1566769310 | 352 pages | PDF | 2 MB
How to Make Anyone Like You: Proven Ways to Become a People Magnet,Books,EBooks,"English | March 10, 2014 | ISBN: 0007577303 | 353 pages | AZW3 | 6.98 MB"
Martha Stewart's Everyday Light,Books,EBooks,"English | January 3, 2013 | ISBN: 0593070526 | EPUB | 352 pages | 69.3 MB"
Python Robotics Projects: Build smart and collaborative robots using Python,Books,EBooks,"English | June 18th, 2018 | ISBN: 1788832922 | 327 Pages | PDF | 20.04 MB"
Make Ink: A Forager's Guide to Natural Inkmaking,Books,EBooks,"English | September 11th, 2018 | ISBN: 1419732439 | 192 Pages | EPUB | 76.40 MB"
Tipard Video Downloader 5.0.36 Multilingual,Applications,Windows,File size: 42.5 MB
XnViewMP 0.91 (x64) Multilingual Portable,Applications,Windows,File Size: 47.2 MB
"Successful Project Management, 7th Edition",Books,EBooks,"English | February 8, 2017 | ISBN: 1337095478 | PDF | 552 pages | 8.6 MB"
Making PIC Microcontroller Instruments and Controllers (EPUB),Books,EBooks,ISBN: 0071606165 | 2008 | EPUB | 384 pages | 4 MB
ORPALIS PaperScan Professional 3.0.70 Multilingual,Applications,Windows,File Size: 50.6 MB
Tipard Blu-ray Player 6.2.16 Multilingual,Applications,Windows,File size: 44.6 MB
Elements of Modern Algebra (8th Edition),Books,EBooks,English | 2014 | ISBN: 1285463234 | PDF | 528 pages | 28.27 MB
Sicario Day of the Soldado 2018 1080p WE-DL DD5.1 X264-CMRG,Movies,,"
Language: English,
3.71 GiB | 2 h 2 min | 4 340 kb/s | Matroska | 1920x800 | AC-3, 48.0 kHz, 6 channels, 384 kb/s,
Genre: Action | Crime | Drama | Thriller"
Fototest - September/Oktober 2018,Books,Magazines,Deutschland | 116 pages | True PDF | 37 MB
Unusual Ways to Die: History's Weirdest Deaths,Books,EBooks,"English | June 14th, 2018 | ISBN: 178685290X | 128 Pages | EPUB | 0.90 MB"
Trigonometry--A Complete Introduction: A Teach Yourself Guide,Books,EBooks,"English | November 14, 2013 | ISBN: 1444191144 | 208 pages | AZW3 | 6.38 MB"
Photoshop: Backgrounds and Textures (Lynda),Other,Video Tutorials,"MP4 | Video: h264, 1280x720 | Audio: AAC, 48 KHz, 2 Ch ,
Genre: eLearning | Language: English + .SRT  | + Exercise Files,
Level: Intermediate | Duration: 2h 18m | 442 MB"
Vinitysoft Vehicle Fleet Manager 4.0.6810.17504,Applications,Windows,File size: 42 MB
Cook's Country - October / November 2018,Books,Magazines,English | 36 pages | True PDF | 5.8 MB
Wondershare SafeEraser 4.9.7.10 Multilingual,Applications,Windows,File size: 36.7 MB
The elbows technique in wing chun,Books,EBooks,"English | August 18, 2016 | ISBN: 1537164767 | 48 pages | AZW3 | 6.75 MB"
"Open to Think: Slow Down, Think Creatively and Make Better Decisions",Books,EBooks,"English | September 11th, 2018 | ISBN: 1773270273 | 288 Pages | EPUB | 3.14 MB"
Unit Converter v2.1.57 Premium,Applications,Android,
"Introduction to 80x86 Assembly Language and Computer Architecture, 3rd Edition",Books,EBooks,2015 | ISBN: 128403612X | English | EPUB | 348 pages | 18.84 MB
The Happy Human: Being Real in an Artificially Intelligent World,Books,EBooks,"English | September 11th, 2018 | ISBN: 1401946224 | 224 Pages | EPUB | 3.08 MB"
Muay Thai: The Footwork (Black and White Edition): The Secret to Learning the Art of 8 Limbs,Books,EBooks,"English | March 10, 2018 | ISBN: 198038133X | 197 pages | AZW3 | 7.04 MB"
Materials for Automobile Bodies (2nd Edition),Books,EBooks,English | 2012 | ISBN: 9780080969794 | PDF | 416 pages | 11.56 MB
Rick Steves Rome 2019,Books,EBooks,"English | September 11th, 2018 | ISBN: 1631218360 | 628 Pages | EPUB | 33.18 MB"
Didn't See It Coming: Overcoming the Seven Greatest Challenges That No One Expects and Everyone Experiences,Books,EBooks,2018 | ISBN: 0735291330 | English | 224 pages | EPUB | 1 MB
Chess Endgames for Kids,Books,EBooks,"English | June 23, 2015 | ISBN: 1910093610 | 128 pages | AZW3 | 7.72 MB"
Sacred Pathways: The Brain's role in Religious and Mystic Experiences (Volume 1),Books,EBooks,"English | February 13, 2015 | ISBN: 0615890482 | 470 pages | AZW3 | 7.81 MB"
DLNow Video Downloader 1.37.2018.09.10 Multilingual,Applications,Windows,File size: 34.95 MB
Logic: A Complete Introduction (Complete Introductions),Books,EBooks,"English | April 25, 2017 | ISBN: 1473608430 | 208 pages | AZW3 | 6.87 MB"
Men's Health USA - October 2018,Books,Magazines,English | 122 pages | True PDF | 13.8 MB
Shooting Times - November 2018,Books,Magazines,English | 76 pages | True PDF | 11.3 MB
Crochet 101: Master Basic Skills and Techniques Easily through Step-by-Step Instruction,Books,EBooks,2018 | ISBN: 1631596527 | English | 192 pages | EPUB | 21.2 MB
Getting Started in Project Management,Books,EBooks,English | 2001 | 272 Pages | ISBN: 0471135038 | PDF | 2.9 MB
The History of Art in 50 Paintings,Books,EBooks,"2017 | eISBN: 9781786565082, ASIN: B06Y4L8HSM | English | 685 pages | EPUB | 69 MB"
"When Pleasing You Is Killing Me, 2nd Edition",Books,EBooks,"English | June 20nd, 2018 | ISBN: 1543935133 | 267 Pages | EPUB | 0.46 MB"
The 4-Cylinder Engine Short Block High-Performance Manual (SpeedPro Series),Books,EBooks,"English | May 29, 2018 | ISBN: 1787113345 | 112 pages | AZW3 | 7.37 MB"
Bibliophile: An Illustrated Miscellany (True PDF),Books,EBooks,"English 			  		   	  		   	  		 		   	 			   		   	  		      		  		  	 			   		  	   		  	   		   	  	 			   			     			  				 | September 11th, 2018 | ISBN: 1452167230 | 227 Pages | True PDF | 107.87 MB"
Margaret Thatcher: The Autobiography,Books,EBooks,English | 2013 | ISBN: 0007338406 | 802 pages | AZW3 | 7.16 MB
"Computer Systems: A Programmer's Perspective, 3rd Edition (Global Edition)",Books,EBooks,2016 | ISBN: 1292101768 | English | 1122 pages | PDF | 5 MB
Portable Allavsoft Video Downloader Converter 3.16.3.6827 Multilingual,Applications,Windows,File Size: 44.16 MB
"Advanced Microprocessors And Peripherals, 3rd edition",Books,EBooks,"2012 | pages: 706 | ISBN: 1259006131 | PDF | 33,5 mb"
BikeComputer Pro v7.10.0,Applications,Android,
Guthrie QA-CAD 2018 A.13,Applications,Windows,File size: 31.8 MB
"They Fought Alone: The True Story of the Starr Brothers, British Secret Agents in Nazi-Occupied France",Books,EBooks,"English | September 11th, 2018 | ISBN: 1594206171, 1984827677 | 336 Pages | EPUB | 17.42 MB"
Numerical and Analytical Methods with MATLAB (PDF),Books,EBooks,2009 | ISBN: 1420093568 | English | PDF | 472 pages | 12.76 MB
Bon Jovi - The Albums (2017),Music,Mp3,"
Hard-Rock,
320 kbps | MP3 | 2018 | 14:47:32 | 2,28 Gb"
Araxis Merge Professional Edition 2018.5059,Applications,Windows,Windows x64 | Languages: English | File Size: 106.68 MB
Lauyan TOWeb 7.1.2.763 Studio Edition Multilingual,Applications,Windows,File Size: 42.8 MB
PC Gamer USA - November 2018,Books,Magazines,English | 116 pages | True PDF | 17.5 MB
JixiPix Artista Impresso Pro 1.8.7,Applications,Windows,File size: 144.81 MB
JixiPix Pastello 1.1.7,Applications,Windows,File size: 253.29 MB
Lauyan TOWeb 7.1.2.764 Studio Edition Multilingual,Applications,Windows,File Size: 44 MB
"The Portrait: Understanding Portrait Photography, 2nd Edition",Books,EBooks,2014 | ISBN: 1937538575 | English | 200 pages | True EPUB | 27 MB
The Truth About Good and Evil,Books,EBooks,"English | July 24th, 2018 | ISBN: 1543941516 | 348 Pages | EPUB | 0.54 MB"
OpooSoft PDF To Image Converter 7.4 + Portable,Applications,Windows,File Size: 7.3/5.2 MB
Psychology in Minutes: 200 Key Concepts Explained in an Instant,Books,EBooks,"2015 | ISBN: 1623654831, 1848667213 | English | 416 pages | EPUB | 13 MB"
The Man Plan: Lose the beer gut without losing all the beers,Books,EBooks,"English | June 24, 2015 | ISBN: N/A | ASIN: B00XMPRKTO | 288 pages | AZW3 | 6.80 MB"
"Mechanisms of Memory (2nd Edition), by J. David Sweatt",Books,EBooks,English | 2009 | ISBN: 0123749514 | PDF | 362 pages | 13.89 MB
Google Chrome 69.0.3497.92 Multilingual,Applications,Windows,File size: File size: 48/49 MB
Pro Vue.js 2,Books,EBooks,"English | PDF,EPUB | 2018 | 728 Pages | ISBN : 1484238044 | 19 MB/15 MB"
"Dear Founder: Letters of Advice for Anyone Who Leads, Manages, or Wants to Start a Business",Books,EBooks,"English | September 11th, 2018 | ISBN: 1250195640, 1250202507 | 352 Pages | EPUB | 1.80 MB"
Reign of the Anunnaki: The Alien Manipulation of Our Spiritual Destiny,Books,EBooks,"English | September 11th, 2018 | ISBN: 1591433037 | 160 Pages | EPUB | 3.10 MB"
"Engineering Mechanics: Statics & Dynamics, 14th Edition",Books,EBooks,2016 | ISBN: 0133915425 | English | PDF | 1464 pages | 86.59 MB
Step-By-Step Wedding Photography: Techniques for Professional Photographers by Damon Tucci,Books,EBooks,2008 | ISBN: 1584282371 | English | PDF | 127 pages | 102.8 MB
Chemistry and Our Universe: How It All Works,Other,Video Tutorials,"MP4 | Video: 856x480 | Audio: AAC, 48Khz, 2ch | Duration: 30h 18 min | Language: English | 17.1 GB"
The Aging of Aquarius: Igniting Passion and Purpose as an Elder,Books,EBooks,"English | September 18th, 2018 | ISBN: 0865718946 | 210 Pages | True PDF | 1.59 MB"
Mindfulness in Motion: Unlock the Secrets of Mindfulness in Motion,Books,EBooks,"English | September 15, 2015 | ISBN: 1780285817 | 144 pages | AZW3 | 7.05 MB"
Alvis Cars 1946-1967: The Post-War Years,Books,EBooks,"English | May 15, 2016 | ISBN: 1445656302 | 96 pages | AZW3 | 7.09 MB"
"Mechanics of Materials (9th Edition), by Hibbeler",Books,EBooks,English | 2014 | ISBN: 0133254429 | PDF | 879 pages | 35.79 MB
Engineering for Cats: Better the Life of Your Pet with10 Cat-Approved Projects,Books,EBooks,"English | August 21st, 2018 | ISBN: 0761189904 | 225 Pages | True PDF | 9.95 MB"
Modern Persian: A Course-Book,Books,EBooks,"English | May 18, 2005 | ISBN: 0700713271 | 264 pages | AZW3 | 7.24 MB"
Wine Food: New Adventures in Drinking and Cooking,Books,EBooks,"English | September 11th, 2018 | ISBN: 0399579591 | 256 Pages | EPUB | 222.54 MB"
"Addiction and Change: How Addictions Develop and Addicted People Recover,  Second Edition",Books,EBooks,2018 | ISBN: 146253323X | English | PDF | 364 pages | 2.80 MB
NCH Crescendo Masters Music Notation Software 3.07,Applications,Windows,File size: 1.0 MB
Chip Foto Video Germany - Oktober 2018,Books,Magazines,Deutschland | 124 pages | True PDF | 15 MB
APK Extractor - Creator v1.2.6-full,Applications,Android,
Seguro PC OptiClean 4.3,Applications,Windows,File size: 10.4 MB
Golaem Crowd 6.3.4 for Maya,Applications,Windows,File size: 94.4 MB
MOS 2016 Study Guide for Microsoft Access (MOS Study Guide) (AZW3),Books,EBooks,"English | January 1, 2017 | ISBN: 0735699399 | 240 pages | AZW3 | 7.87 MB"
PIC Microcontrollers - Programming in C (repost),Books,EBooks,English | 2009 | ISBN: 8684417178 | 261 pages | PDF | 8.18 MB
POWERFUL 22. How to become successful: Unlock Your Powers of Success. Elevate Your Strengths in Life and Business,Books,EBooks,"English | May 17, 2017 | ISBN: N/A | ASIN: B071Z9PTXN | 514 pages | AZW3 | 7.79 MB"
The Secret Power of You: A Guide to Mastering Your Inner Greatness,Books,EBooks,"English | July 26th, 2018 | ISBN: 1543922759 | 288 Pages | EPUB | 2.05 MB"
"Southern Cast Iron - December 24, 2018",Books,Magazines,English | 116 pages | True PDF | 18.0 MB
How to Choose Camshafts and Time Them for Maximum Power (SpeedPro Series),Books,EBooks,"English | November 1, 2002 | ISBN: 1903706599 | 20 pages | AZW3 | 6.84 MB"
"Fundamentals of Organic Chemistry (7th Edition), by John E. McMurry",Books,EBooks,English | 2010 | ISBN: 1439049718 | PDF | 672 pages | 43.98 MB
Dominion: The History of England from the Battle of Waterloo to Victoria's Diamond Jubilee,Books,EBooks,"English | October 9, 2018 | ISBN: 1250003652 | EPUB | 400 pages | 3.8 MB"
HVAC Troubleshooting Guide,Books,EBooks,ISBN: 0071604995 | 2009 | English | EPUB | 720 pages | 30 MB
VovSoft Broken Link Detector 2.4,Applications,Windows,File size: 2.4 MB
How to Draw in Pen & Ink - A Beginners Guide,Books,EBooks,"English | February 8, 2017 | ISBN: 1542959071 | 98 pages | AZW3 | 6.77 MB"
Steganos Safe 20.0.0 Revision 12366 Multilingual,Applications,Windows,File Size: 31.6 MB
Trauma and Memory: Brain and Body in a Search for the Living Past (AZW3),Books,EBooks,"English | October 27, 2015 | ISBN: 1583949941 | 206 pages | AZW3 | 6.69 MB"
Tipard Blu-ray Player 6.2.16 Multilingual Portable,Applications,Windows,File size: 37.5 MB
The EQ Interview: Finding Employees with High Emotional Intelligence (PDF),Books,EBooks,English | 2008 | ISBN: 0814409415 | Pages: 192 | PDF | 1 MB
Pro Vue.js 2,Books,EBooks,"English | PDF,EPUB | 2018 | 728 Pages | ISBN : 1484238044 | 34.76 MB"
The Smartest Way to Invest: Clue: It's Not With the Wizards of Wall Street,Books,EBooks,"English | September 11th, 2018 | ISBN: 1543935516 | 249 Pages | EPUB | 0.32 MB"
An Introduction to Formal Logic (The Great Courses),Other,Video Tutorials,"MP4 | Video: 856x480 | Audio: AAC, 48Khz, 2ch | Duration: 12h 26 min | Language: English | 7.2 GB"
"UX Fundamentals for Non-UX Professionals: User Experience Principles for Managers, Writers, Designers, and Developers",Books,EBooks,"English | PDF,EPUB | 2018 | 331 Pages | ISBN : 1484238109 | 36.10 MB"
A Philosophical Approach to Quantum Field Theory,Books,EBooks,2018 | ISBN: 1108415113 | English | PDF | 270 pages | 5.2 MB
"Principles of Information Security, 6th Edition",Books,EBooks,2017 | ISBN: 1337102067 | English | 656 pages | PDF | 20 MB
Pulp Art: Original Cover Paintings for the Great American Pulp Magazines,Books,EBooks,"English | March 1, 2003 | ISBN: 0785817077 | 192 pages | AZW3 | 7.21 MB"
Physics by Alan Giambattista (3rd Edition),Books,EBooks,"English | January 19, 2015 | ISBN: 007351215X | 1232 pages | PDF | 111 MB"
Thinking with Chess: Teaching Children Ages 5-14,Books,EBooks,"English | November 16, 2012 | ISBN: 1936277360 | 84 pages | AZW3 | 6.23 MB"
SnapTube - YouTube Downloader HD Video Final v4.48.0.4482310-VIP,Applications,Android,
Tipard Video Downloader 5.0.36 Multilingual Portable,Applications,Windows,File size: 48.2 MB
9/11: Missing Links (2008) DVDRip XviD Mp3 roflcopter2110,TV,,
The Yoga Healer,Books,EBooks,"English | April 17th, 2017 | ISBN: 1782493751 | 176 Pages | EPUB | 14.88 MB"
PCtipp - August 2018,Books,Magazines,Deutschland | 72 pages | True PDF | 15 MB
SQL Server: Security for Developers,Other,Video Tutorials,"MP4 | Video: h264, 1280x720 | Audio: AAC, 48 KHz, 2 Ch ,
Genre: eLearning | Language: English + .SRT  | + Exercise Files,
Level: Beginner | Duration: 1h 27m | 183 MB"
Dionne Warwick - Greatest Hits (2018) FLAC/MP3,Music,Lossless,"
FLAC (tracks) / Mp3 320 kbps | Soul, RnB, Rock, Pop | 1:07:57 | 1CD | 317 Mb / 145 Mb"
Hunt for the Skinwalker 2018 WEB-DL H 264-NTG,TV,,"Language: English,
02:06:53 | 960x540 | 1094 kb/s | 23.98 fps | mkv | aac, 48000 Hz, stereo (eng) , 109 b/s |  993.26 MiB,
,  Documentary "
Cupping Therapy for Bodyworkers: A Practical Manual,Books,EBooks,"English 			  		   	  		 			  		   	  	 			   		  	   		  	   		 	 	  	 			   		  	   		   	  		      	 			   		  	   		      		 	 				 | August 21st, 2018 | ISBN: 1848193572 | 112 Pages | EPUB | 8.62 MB"
9/11: The Great Illusion (2014) DVDRip XviD Mp3 roflcopter2110,TV,,
Bad Call: A Summer Job on a New York Ambulance,Books,EBooks,2018 | ISBN: 0316469610 | English | 304 pages | EPUB | 10 MB
Videoder Video & Music Downloader v14.2 build 136 Final Premium,Applications,Android,
Introduction to Networking with Network+,Books,EBooks,English | 2012 | ISBN: 0470487321 | PDF | pages: 553 | 11.1 MB
The Handbook of Project-based Management: Leading Strategic Change in Organizations (EPUB),Books,EBooks,ISBN: 0071549749 | 2008 | EPUB | 452 pages | 7 MB
Yoga and the Dark Night of the Soul: The Soul's Journey to Sacred Love,Books,EBooks,"English | March 5th, 2018 | ISBN: 0957518528 | 384 Pages | EPUB | 0.95 MB"
Women's Health USA - October 2018,Books,Magazines,English | 132 pages | True PDF | 17.2 MB
"Bake from Scratch - September 24, 2018",Books,Magazines,English | 116 pages | True PDF | 24.2 MB
"WPS Office - Word, Docs, PDF, Note, Slide & Sheet v11.2.3-mod",Applications,Android,
A First Course in Statistical Programming with R,Books,EBooks,"English | July 18, 2016 | ISBN: 1107576466 | 230 pages | AZW3 | 7.54 MB"
Materials Selection in Mechanical Design (4th Edition),Books,EBooks,English | 2010 | ISBN: 9380931727 | PDF | 640 pages | 69.6 MB
Practical Project EVM: The Application of Earned Value Management to Project Monitoring and Controlling,Books,EBooks,"English | March 14, 2015 | ISBN: 1508872775 | 420 pages | AZW3 | 7.61 MB"
Ham Radio Deluxe 6.4.0.886,Applications,Windows,File Size: 103 MB
"CSB Spurgeon Study Bible, Brown/Tan Cloth Over Board",Books,EBooks,"English | November 1, 2017 | ISBN: 1586409719 | 1824 pages | AZW3 | 7.46 MB"
Chet Baker - The Most Important Jazz Album Of 1964/65 (2017),Music,Lossless,"
 FLAC (tracks) | 00:43 | Genre: Jazz, Vocal Jazz | Label: Parlophone UK | 1964/201 | 243 MB"
Nature - 9 August 2018,Books,Magazines,English | 305 pages | True PDF | 264.37 MB
Coffee Can Investing:: The Low Risk Road to Stupendous Wealth,Books,EBooks,2018 | ISBN: 067009045X | English | 288 pages | MOBI | 13 MB
"99 Cent Solutions (Save Time, Save Money)",Books,EBooks,"English | June 2, 2015 | ISBN: 1621452379, ASIN: B00W05CWNG | AZW3 | 352 pages | 60.6 MB"
"Contacts, Phone Dialer & Caller ID: drupe v3.032.0048X-Rel PRO",Applications,Android,
Rich Dad's Increase Your Financial IQ: Get Smarter with Your Money,Books,EBooks,"English | 2008-03-26 | ISBN: 0446509361 | 197 pages | EPUB | 1,1 MB"
Beyond Weird by Philip Ball,Books,EBooks,"English | March 22, 2018 | ISBN: 1847924581 | 384 pages | AZW3 | 6.67 MB"
"Handbook of Energy Engineering, Seventh Edition, by Albert Thumann",Books,EBooks,English | 2013 | ISBN: 1466561610 | PDF | 486 pages | 11.15 MB
Guide to the Dissection of the Dog (.NET Developers Series) 7th Edition,Books,EBooks,English | 2009 | ISBN: 1437702465 | PDF | 320 pages | 71.99 MB
Richardson RazorSQL 8.0.7,Applications,Windows,File size: 54/55 MB
"Forecasting: Principles and Practice, (2nd Edition)",Books,EBooks,English | 2018 | ISBN: 0987507117 | 382 pages | PDF (converted) | 16 MB
VA - Bossa Cafe Lounge (Chillout Your Mind) (2018) FLAC/MP3,Music,Lossless,"
FLAC (tracks) / Mp3 320 kbps | Chillout, Ambient | 1:13:18 | 1CD | 461 Mb / 167 Mb"
A Million Thoughts: Learn All About Meditation from a Himalayan Mystic,Books,EBooks,2016 | ISBN: 8184959451 | English | 360 pages | AZW3 | 5 MB
"The Goodness of Guinness: A Loving History of the Brewery, Its People, and the City of Dublin",Books,EBooks,"May 26, 2009 | ISBN: 1602396531 | English | 154 pages | EPUB | 4.6 MB"
Gingerbread by Jennifer Lindner McGlinn,Books,EBooks,2010 | English | ISBN: 9781452100180 | 150 pages | EPUB | 5.4 MB
Blogging for Your Business (Sep. 2018),Other,Video Tutorials,"MP4 | Video: h264, 1280x720 | Audio: AAC, 48 KHz, 2 Ch ,
Genre: eLearning | Language: English + .SRT  | + Exercise Files,
Level: Beginner | Duration: 48m 41s | 234 MB"
"High Cycle Fatigue: A Mechanics of Materials Perspective, by Theodore Nicholas",Books,EBooks,English | 2006 | ISBN: 0080446914 | PDF | 656 pages | 5.98 MB
WiFi Analyzer v1.4.8-gold,Applications,Android,
DLNow Video Downloader 1.37.2018.09.10 Multilingual Portable,Applications,Windows,File size: 31.7 MB
PC Games Hardware - Oktober 2018,Books,Magazines,Deutschland | 132 pages | True PDF | 16 MB
Presentation Skills: Public Speaking Presentations done well,Other,Video Tutorials,"
$200 | Created by Philip Hofmacher | Last Updated 9/2018,
Duration: 1 hours |  Video: h264, 1280x720 | Audio: AAC, 44 KHz, 2 Ch | 1 GB,
Genre: eLearning | Language: English + Sub | 24 Lectures"
Focus Money - 5 September 2018,Books,Magazines,Deutschland | 108 pages | True PDF | 34 MB
"What is Anarchism?: An Introduction, 2nd Edition",Books,EBooks,2016 | ISBN: 1629631469 | English | 160 pages | PDF | 5 MB
"Ai Weiwei: Yours Truly: Art, Human Rights, and the Power of Writing a Letter",Books,EBooks,"English | September 11th, 2018 | ISBN: 1452159297 | 130 Pages | True PDF | 21.81 MB"
Catalyst: How To Build A Time Machine (2018) 1080p HDTV x264-CBFM,TV,,
Experience the Feel of Simple Golf: Making Percy Boomer's Putt as You Drive/Drive as You Putt Come Alive,Books,EBooks,"English | September 18, 2015 | ISBN: 1515010813 | 296 pages | AZW3 | 7.08 MB"
Apeaksoft Blu-ray Player 1.0.8 Multilingual,Applications,Windows,File size: 44 MB
Simple Bags Japanese Style: Twenty Designs to Sew,Books,EBooks,"English | March 1st, 2013 | ISBN: 146547384X | 65 Pages | True PDF | 5.78 MB"
Basic Physiology for Anaesthetists (AZW3),Books,EBooks,"English | January 26, 2015 | 			  		   	  		   	  		 		   	 			   		   	  		      		  		  	 			   		  	   		  	   		   	  	 			   			     			  				 ISBN: 1107637821 | 455 pages | AZW3 | 6.27 MB"
Heidegger in 60 Minutes,Books,EBooks,"English | July 8, 2016 | ISBN: 3741227757 | 104 pages | AZW3 | 7.23 MB"
Runic Book of Days: A Guide to Living the Annual Cycle of Rune Magick,Books,EBooks,"English | September 11th, 2018 | ISBN: 1620557703 | 208 Pages | EPUB | 3.95 MB"
Dunes MultiMedia ProjectTimer 1.23.3.0,Applications,Windows,File size: 6.6 MB
Weather & Radar Pro - Ad-Free v4.37.0-Full,Applications,Android,
Secrets of Professional Tournament Poker: The Complete Workout (D&b Poker) (Volume 3),Books,EBooks,"English | May 21, 2013 | ISBN: 1904468950 | 432 pages | AZW3 | 6.37 MB"
Solo A Star Wars Story 2018 1080p Bluray x264 AAC 7.1-Rapta,Movies,,"
Language: English,
 2.12 GiB | 2 h 14 min | 2 249 kb/s | Matroska | 1920x800 | AAC, 48.0 kHz, 8 channels, 512 kb/s,
Genre: Action | Adventure | Fantasy | Sci-Fi"
VA - DMC Classic Mixes - I Love Soundscape (Music For Lights & Background Sound) (2018) MP3,Music,Mp3,"
Mp3 320 kbps | House, Dance, Chillout, Disco | 01:19:58 | 1CD | 183 Mb"
Big Debt Crises,Books,EBooks,"English | September 10, 2018 | ISBN: 1732689806, ASIN: B07GLBHM48 | AZW3 | 456 pages | 27 MB"
Electronic Musician - November 2018,Books,Magazines,English | 68 pages | True PDF | 35 MB
Christopher Bollyn: The Man Who Solved 9/11 (2017) 1080p WEBRip x264 roflcopter2110,TV,,
"Mechanics of Materials, 7th Edition, By Ferdinand P. Beer",Books,EBooks,English | 2014 | ISBN: 0073398233 | PDF | 896 pages | 29.94 MB
Packaging Essentials: 100 Design Principles for Creating Packages,Books,EBooks,"English | June 1, 2010 | ISBN: 1592536034 | 209 pages | PDF | 100 MB"
doubleTwist Pro music player (FLAC/ALAC & Gapless) v3.2.4 build 30068-full,Applications,Android,
AllMapSoft Offline Map Maker 7.81,Applications,Windows,File Size: 12.3 MB
"Fencing: Skills, Tactics, Training (Crowood Sports Guides)",Books,EBooks,"English | June 1, 2012 | ISBN: 1847973051 | 96 pages | AZW3 | 7.87 MB"
Togu Audio Line TAL-Mod 1.1.7,Applications,Windows,File size: 64.4 MB
Tales from the Big House: Nostell Priory: 900 Years of its History and People,Books,EBooks,"English | October 			  		   	  		 			  		   	  	 			   		  	   		  	   		 	 	  	 			   		  	   		   	  		      	 			   		  	   		      		 	 				 5th, 2018 | ISBN: 1526702703 | 216 Pages | EPUB | 17.13 MB"
Supply Chain and Logistics Management Made Easy,Books,EBooks,"English | May 10, 2015 | ISBN: 0133993345 | 352 pages | AZW3 | 7.01 MB"
The 5 Love Languages/5 Love Languages for Men/5 Love Languages of Teenagers/5 Love Languages of Children,Books,EBooks,The 5 Love Languages/5 Love Languages for Men/5 Love Languages of Teenagers/5
Fundamentals of Ionizing Radiation Dosimetry: Solutions to the Exercises,Books,EBooks,"English | October 16, 2017 | ISBN: 3527343520 | 184 pages | AZW3 | 7.82 MB"
Health and Safety: Risk Management,Books,EBooks,"English | October 22, 2017 | ISBN: 1138195243 | 530 pages | AZW3 | 6.98 MB"
The Spirit of the Trail: A Journey to Fulfillment Along the Continental Divide,Books,EBooks,"English | May 5th, 2018 | ISBN: 1732208301 | 236 Pages | EPUB | 11.10 MB"
Sacred Geography: Geomancy: Co-creating the Earth Cosmos,Books,EBooks,"English | December 1, 2007 | ISBN: 1584200545 | 248 pages | AZW3 | 7.01 MB"
Flea Market Décor - October 2018,Books,Magazines,English | 132 pages | True PDF | 21.5 MB
Arabian Horse World - September 2018,Books,Magazines,English | 180 pages | True PDF | 19.4 MB
Aiseesoft Blu-ray Player 6.6.16 Multilingual Portable,Applications,Windows,File size: 39.2 MB
Unleashing Usury: How Finance Opened the Door for Capitalism Then Swallowed It Whole,Books,EBooks,"English | April 15, 2016 | ISBN: 0986085332 | EPUB | 232 pages | 0.7 MB"
"Practical Control Engineering: Guide for Engineers, Managers, and Practitioners (EPUB)",Books,EBooks,ISBN: 0071606130 | 2009 | English | EPUB | 508 pages | 21 MB
Dissertation Research and Writing for Construction Students,Books,EBooks,"English | June 			  		   	  		 			  		   	  	 			   		  	   		  	   		 	 	  	 			   		  	   		   	  		      	 			   		  	   		      		 	 				 28, 2017 | ISBN: 1138414409 | 264 pages | AZW3 | 6.71 MB"
The Wildatarian Diet: Living as Nature Intended,Books,EBooks,"English | March 30, 2018 | ISBN: 0692067434 | 216 pages | AZW3 			  		   	  		 			  		   	  	 			   		  	   		  	   		 	 	  	 			   		  	   		   	  		      	 			   		  	   		      		 	 				 | 6.71 MB"
"busuu: Learn Languages - Spanish, English & More v14.1.2.215 Premium",Applications,Android,
Rhino 6 SR10 version 6.10.18252.10571,Applications,Windows,OS: Windows 64bit | Language: Multilanguage | Size: 1.5 GB
Bruce Springsteen - The Essential Bruce Springsteen (2015) (Hi-Res),Music,Vinyl & HR,"
24Bit/96 kHz FLAC | 2h 34 min | Genre: Rock, Folk Rock | Label: Columbia/Legacy | 2015 | 3.2 GB"
I Need a Killer Press Release--Now What???: A Guide to Online PR,Books,EBooks,"English | 2009 | ISBN: 1600051545 | 158 pages | PDF | 0,6 MB"
Texture Magic: Procedural Textures for Blender Cycles,Books,EBooks,"English | May 30, 2016 | ISBN: N/A | ASIN: B01DI5KK44 | 145 pages | AZW3 | 7.52 MB"
8 Steps to Building Innovating Organizations (PDF),Books,EBooks,"English | 2007 | ISBN: 0761935592 | 142 pages | PDF | 0,5 MB"
Dam Busters: Canadian Airmen and the Secret Raid Against Nazi Germany,Books,EBooks,"English | September 11th, 2018 | ISBN: 1443455431 | 472 Pages | EPUB | 19.88 MB"
The Future: Based on the Ages theory,Books,EBooks,"English | February 21st, 2018 | ISBN: 1619848910 | 257 Pages | EPUB 			  		      	 			   		      	 			   		      	 			   		    			 | 23.70 MB"
The Insiders Guide to the STM32 ARM based Microcontroller Hitex,Books,EBooks,English | 2008 | ISBN: 095499888X | 96 pages | True PDF | 6.47 MB
"Mechanics of Materials, Brief Edition, by James M. Gere",Books,EBooks,English | 2011 | ISBN: 1111136025 | PDF | 608 pages | 44.02 MB
Scoompa Video - Slideshow Maker and Video Editor v24.2 PRO,Applications,Android,
Auto Bild Germany - 16/08/2018,Books,Magazines,Deutschland  | 84 pages | True PDF | 16 MB
Automovil Spain - 09/2018,Books,Magazines,Spanish | 118 pages | True PDF | 21 MB
Traveling Wave Analysis of Partial Differential Equations: Numerical and Analytical Methods with Matlab and Maple,Books,EBooks,2012 | ISBN: 0123846528 | English | PDF | 461 pages | 7.67 MB
Managing Depression in the Workplace,Other,Video Tutorials,"MP4 | Video: h264, 1280x720 | Audio: AAC, 48 KHz, 2 Ch ,
Genre: eLearning | Language: English + .SRT ,
Level: Appropriate for all | Duration: 1h 3m | 549 MB"
Advanced React and Redux: 2018 Edition,Other,Video Tutorials,"
$140 | Created by Stephen Grider | Last Updated 6/2018,
Duration: 21 hours |  Video: h264, 1280x720 | Audio: AAC, 44 KHz, 2 Ch | 8.8 GB,
Genre: eLearning | Language: English + Sub | 4 Articles"
Guitar Rhythm and Technique For Dummies (PDF),Books,EBooks,2015 | ISBN: 1119022878 | English | 216 pages | PDF | 12 MB
Statistics for Health Care Management and Administration: Working with Excel,Books,EBooks,"2016 | ISBN: 111871265X, 978-1118712658| English | PDF | 560 pages | 19 MB"
The Next Version of You: 12 Stories That Highlight the Use of Intuition to Update Your Life,Books,EBooks,"English | May 14th, 2018 | ISBN: 1732351104 | 170 Pages | EPUB | 0.35 MB"
"Mechanical Properties of Ceramics, by John B. Wachtman",Books,EBooks,English | 2009 | ISBN: 0471735817 | PDF | 496 pages | 14.08 MB
"Handbook of Battery Materials, 2nd Edition, 2 Volume Set Edition",Books,EBooks,English | 2011 | ISBN: 3527326952 | PDF | 1023 pages | 28.09 MB
Successful Serging: From Setup to Simple and Specialty Stitches,Books,EBooks,2009 | ISBN: 1589234618 | English | 128 pages | PDF | 46 MB
English Grammar Master v4.0.1-adfree,Applications,Android,
"The Ultimate Stallone Reader: Sylvester Stallone as Star, Icon, Auteur",Books,EBooks,"2014 | ISBN: 0231850646, 9780231850643 | English | 305 pages | PDF | 8 MB"
"Mechanics of Materials 3rd Edition, by Roy R. Craig",Books,EBooks,English | 2011 | ISBN: 0470481811 | PDF | 858 pages | 68.52 MB
"TWITTER Surviving Change: Rules, Retweets, Responsibilities",Books,EBooks,"English | August 11th, 2018 | ISBN: 1732358214 | 96 Pages | EPUB | 0.53 MB"
Dominion 2018 HD 1080P X264 AAC English CHS,TV,,"
Language: English,
  2.23 GiB | 1 h 59 min | 2 656 kb/s | MPEG-4 | 1280x720 | AAC, 48.0 kHz, 2 channels, 128 kb/s,
Genre: Documentary "
Network Utilities v7.7.6 build 126 Premium,Applications,Android,
Heat UK - 15 September 2018,Books,Magazines,English | 100 pages | True PDF | 17.0 MB
"Embracing Empathy: A Universal Approach To Person-Centred, Empathic Healthcare Encounters",Books,EBooks,2014 | ISBN-10: 1909368180 | 133 pages | PDF | 2 MB
Applied Natural Language Processing with Python,Books,EBooks,"English | PDF,EPUB | 2018 | 158 Pages | ISBN : 1484237323 | 5.71 MB"
The Children Act 2018 1080p WEB-DL DD5.1 H264-CMRG,Movies,,"
Language: English,
4.13 GiB | 1 h 45 min | 5 590 kb/s | Matroska | 1920x1036 | AC-3, 48.0 kHz, 6 channels, 384 kb/s,
Genre: Drama"
Research Methods in Psychology by Glynis Breakwell,Books,EBooks,"English | May 15, 2012 | ISBN: 0857022644 | 616 pages | AZW3 | 6.35 MB"
"Burning Down the Haus: Punk Rock, Revolution, and the Fall of the Berlin Wall (True PDF)",Books,EBooks,"English | September 11th, 2018 | ISBN: 1616208430 | 385 Pages | True PDF | 3.10 MB"
"The Way of Beauty: Liturgy, Education, and Inspiration for Family, School, and College",Books,EBooks,"English | July 20, 2015 | 			  		      	 			   		      	 			   		      	 			   		    			 ISBN: 1621381412 | 282 pages | AZW3 | 7.09 MB"
The Law of Journalism and Mass Communication,Books,EBooks,"English | December 4, 2017 | ISBN: 1506363229 | 704 pages | AZW3 | 7.10 MB"
"The Sky Is Falling: How Vampires, Zombies, Androids, and Superheroes Made America Great for Extremism",Books,EBooks,"English | September 11th, 2018 | ISBN: 1620974290, 0241373859 | 256 Pages | EPUB | 1.02 MB"
Sew Scandinavian: 35 stylish projects to stitch,Books,EBooks,"English | September 15th, 2017 | ISBN: 1782492410 | 128 Pages | EPUB | 13.45 MB"
What I Learnt as an Analyst: Sharing of Experience in Investment and Analysis,Books,EBooks,"English | June 24th, 2018 | ISBN: 9671560717 | 208 Pages | EPUB | 7.26 MB"
The Aging of Aquarius: Igniting Passion and Purpose as an Elder,Books,EBooks,"English | September 18th, 2018 | ISBN: 0865718946 | 208 Pages | EPUB | 1.56 MB"
Ugly Love: A Survivors Story of Narcissistic Abuse,Books,EBooks,"English | September 1st, 2018 | ISBN: 1543933874 | 190 Pages | EPUB | 2.45 MB"
Death on the Victorian Beat: The Shocking Story of Police Deaths,Books,EBooks,"English | May 30, 2018 | ISBN: 1526705923 | EPUB | 200 pages | 9.7 MB"
Tropical Inferno 1978 720p BluRay H264 AAC-RARBG,Movies,,"
Language: English,
1 h 19 min | 964 MiB | 1 706 kb/s | 1280x720 | AAC @ 224 kb/s, 2 channels | mp4,
Genre: Action | Crime | Drama | Horror"
Wine Science: The Application of Science in Winemaking,Books,EBooks,English | 3 Feb. 2014 | ISBN: 1845338782 			  		      	 			   		      	 			   		      	 			   		    			 | 218 pages | AZW3 | 7.31 MB
Foundations of Financial Risk: An Overview of Financial Risk and Risk-based Financial Regulation,Books,EBooks,"English | June 2, 2015 | ISBN: 111909805X | 368 pages | AZW3 | 6.37 MB"
Computer Vision in Sports (Advances in Computer Vision and Pattern Recognition),Books,EBooks,"English | January 20, 2015 | ISBN: 3319093959 | 319 pages | AZW3 | 7.07 MB"
I Am Home: Portraits of Immigrant Teenagers,Books,EBooks,"English | September 11th, 			  		   	  		   	  		 		   	 			   		   	  		      		  		  	 			   		  	   		  	   		   	  	 			   			     			  				 2018 | ISBN: 1946764116 | 120 Pages | EPUB | 34.76 MB"
Technology for a Quieter America,Books,EBooks,English | 2010 | ISBN: 0309156327 | PDF | 210 pages | 6.37 MB
"Mechanics of Materials 6th Edition, by Ferdinand Beer",Books,EBooks,English | 2011 | ISBN: 0073380288 | PDF | 832 pages | 33.98 MB
Physical Control of the Mind: Toward a Psychocivilized Society,Books,EBooks,"English | January 1, 1970 | ISBN: 1530689732 | 300 pages | AZW3 | 6.43 MB"
i-build - September 2018,Books,Magazines,English | 56 pages | PDF | 14.70 MB
Reliability and Failure of Electronic Materials and Devices (2nd Edition),Books,EBooks,English | 2014 | ISBN: 0120885743 | PDF | 758 pages | 70.64 MB
Data Management: Foundations of Data Analytics,Books,EBooks,"English | December 27, 2013 | ISBN: N/A | ASIN: B00E8HS8N2 | 472 pages | AZW3 | 7.33 MB"
Seven - 7 Minute Workout Training Challenge v7.3.12-full,Applications,Android,
CliffsNotes NCLEX-RN Cram Plan,Books,EBooks,"English | September 11th, 2018 | ISBN: 1328900835 | 288 Pages | EPUB | 41.64 MB"
VA - TB Music Presents #Dance & Trance 2018 (2018) Mp3,Music,Mp3,"
Original Release Date: May 4, 2018,
Genre: Electronic, Trance, Progressive,
Format: MP3 320Kbps,
Size: 298 MB,
Total Length: 138: 49"
Learning Express JS : Creating Future Web Apps & REST APIs,Other,Video Tutorials,"MP4 | Video: h264, 1280x720 | Audio: AAC, 48 KHz, 2 Ch,
Genre: eLearning | Language: English | Duration: 3.5 hours | Size: 1.33 GB"
Lernen mit Zukunft - 6 September 2018,Books,Magazines,Deutschland | 132 pages | True PDF | 16 MB
VA - Fifty Shades Of Deep House Vol 2 (2018) Mp3,Music,Mp3,"
Original Release Date: June 5, 2018 ,
Genre: House, Tech House, Deep House ,
Format: MP3 320Kbps,
Size: 776 MB ,
Total Length:4:08:10"
evo UK - November 2018,Books,Magazines,English | 172 pages | PDF | 44.9 Mb
"Mechanical Behavior of Materials (2nd Edition), by Marc André Meyers",Books,EBooks,English | 2008 | ISBN: 0521866758 | PDF | 882 pages | 16.95 MB
The Addictive Brain (The Great Courses),Other,Video Tutorials,"MP4 | Video: 856x480 | Audio: AAC, 48Khz, 2ch | Duration: 6h 58 min | Language: English | 4.1 GB"
"I Thought It Was Just Me (but it isn't): Making the Journey from ""What Will People Think?"" to ""I Am Enough""",Books,EBooks,"English | 2007-12-27 | ISBN: 1592403352 | 336 pages | MOBI | 0,8 Mb"
Salvation S02E12 1080p WEB x264-TBS,TV,,"
Language: English,
43 min 45 s | 1.41 GiB | 4 612 kb/s | 1920x1080 | AAC @ 125 kb/s, 2 channels | mkv,
Genre: Drama | Sci-Fi | Thriller"
The Resistance Banker 2018 1080p NF WEB-DL DD5.1 H264-CMRG,Movies,,"
Language: English,
3.40 GiB | 2 h 3 min | 3 944 kb/s | Matroska | 1920x1080 | E-AC-3, 48.0 kHz, 6 channels, 640 kb/s,
Genre: Drama | War"
Tech Advisor - November 2018,Books,Magazines,English | 144 pages | True PDF | 9.8 MB
Aiseesoft MobieSync 1.0.8 Multilingual,Applications,Windows,File size: 72.4 MB
"Statics and Strength of Materials for Architecture and Building Construction (4th Edition), by Barry S. Onouye",Books,EBooks,English | 2011 | ISBN: 013507925X | PDF | 624 pages | 35.46 MB
Mulholland Falls 1996 720p BluRay H264 AAC-RARBG,Movies,,"
Language: English,
1 h 46 min | 1.29 GiB | 1 730 kb/s | 1280x694 | AAC @ 224 kb/s, 2 channels | mp4,
Genre:Crime | Drama | Mystery | Thriller"
VA - Ibiza Funk'18 (2018),Music,Mp3,"
Original Release Date: August 8, 2018,
Genre: Funky, Groove, Future House,
Format: MP3 320Kbps,
Size: 388 Mb,
Total Length:2:44:33"
Siberia 2018 BluRay 1080p DTS x265 10bit-CHD,Movies,,"
Language: English,
 5.94 GiB | 1 h 44 min | 8 126 kb/s | Matroska | 1920x804 | DTS, 48.0 kHz, 6 channels, 1 509 kb/s,
Genre: Crime | Romance | Thriller"
"Mastering ArcGIS, 7th Edition",Books,EBooks,English | 2015 | ISBN: 007809514X | PDF | pages: 619 | 60.3 MB
String Quilts: 11 Fun Patterns for Innovating and Renovating,Books,EBooks,"English | February 2, 2016 | ISBN: 1680990608 | 			  		   	  		   	  		 		   	 			   		   	  		      		  		  	 			   		  	   		  	   		   	  	 			   			     			  				 88 pages | AZW3 | 7.70 MB"
The Flavours of Andalucia,Books,EBooks,"English | July 13th, 2018 | ISBN: 1910690481 | 176 Pages | EPUB | 22.66 MB"
"Facebook, twitter and email marketing in 30 mint",Other,Video Tutorials,"
$20 | Created by salman ali Syed | Last Updated 6/2018,
Duration: 30 mins |  Video: h264, 1280x720 | Audio: AAC, 44 KHz, 2 Ch | 382 MB,
Genre: eLearning | Language: English | 8 Lectures"
Camera360: Selfie Photo Editor with Funny Sticker v9.3.7 build 109307100-mod,Applications,Android,
The Verdun Regiment: Into the Furnace: The 151st Infantry Regiment in the Battle of Verdun 1916,Books,EBooks,"English | October 5th, 2018 | ISBN: 1526710293 | 256 Pages | EPUB | 9.48 MB"
Jurassic World Fallen Kingdom 2018 1080p BluRay 10bit x265 HEVC AAC 7.1 Q22 [UTR],Movies,,"
Language: English,
 1.77 GiB | 2 h 8 min | 1 971 kb/s | Matroska | 1920x800 | AAC, 48.0 kHz, 7 channels, 353 kb/s,
Genre: Action | Adventure | Sci-Fi"
Sew Scandinavian: 35 stylish projects to stitch,Books,EBooks,"English | September 15th, 2017 | ISBN: 1782492410 | 128 Pages | EPUB | 13.45 MB"
Worse Than Trump: The American Plantation,Books,EBooks,"English | July 22nd, 2018 | ISBN: 154393787X | 171 Pages | EPUB | 0.72 MB"
The Stepford Employee Fallacy: The Truth About Employee Engagement in the Modern Workplace,Books,EBooks,"English | September 11th, 2018 | ISBN: 1543933742| 280 Pages | EPUB | 1.42 MB"
"GPS and Galileo: Dual RF Front-end receiver and Design, Fabrication, & Test (EPUB)",Books,EBooks,ISBN: 0071598693 | 2008 | EPUB | 208 pages | 5 MB
"Interview Faqs & Ans: Javascript, NodeJS, ReactJS, AngularJS",Other,Video Tutorials,"
$20 | Created by Satish Venkatesh | Last Updated 8/2018,
Duration: 4.5 hours |  Video: h264, 1280x720 | Audio: AAC, 44 KHz, 2 Ch | 1.9 GB,
Genre: eLearning | Language: English + Sub | 1 Article"
VA - Ministerium Records: Caribbean Summer 18 (2018),Music,Mp3,"
Original Release Date: August 31, 2018,
Genre: House, Tech House, Deep House,
Format: MP3 320Kbps,
Size: 131 MB,
Total Length:56:51"
CCDE In-Depth,Books,EBooks,"English | November 2, 2016 | ISBN: 1539817199 | 562 pages | AZW3 | 7.01 MB"
The Man Who Moved the Nation: A Daughter's Story,Books,EBooks,"English | September 7th, 2018 | ISBN: 1781175705 | 224 Pages | EPUB | 3.28 MB"
The Last Hunt 1956 1080p BluRay H264 AAC-RARBG,Movies,,"
Language: English,
1 h 43 min | 1.97 GiB | 2 731 kb/s | 1920x800 | AAC @ 224 kb/s, 2 channels | mp4,
Genre:Drama | Western"
Malone 1987 PROPER 1080p BluRay H264 AAC-RARBG,Movies,,"
Language: English,
1 h 31 min | 1.75 GiB | 2 730 kb/s | 1920x1040 | AAC @ 224 kb/s, 2 channels | mp4,
Genre: Action | Drama | Thriller"
"Pulsar Music Player - Audio Player, Mp3 Player v1.8.6 build 137",Applications,Android,
Stroker Ace 1983 WEBRip x264-ION10,Movies,,"
Language: English,
1 h 34 min | 915 MiB | 1 354 kb/s | 720x400 | AAC @ 256 kb/s, 2 channels | mp4,
Genre:Action | Comedy | Romance | Sport"
UX For Dummies,Books,EBooks,2014 | ISBN: 1118852788 | English | 332 pages | EPUB | 3.6 MB
Atlas Magazine - Fall 2018,Books,Magazines,English | 134 pages | PDF | 17.30 MB
Emmy Magazine - September  2018,Books,Magazines,English | 60 pages | True PDF | 8.1 MB
New World Order: Blueprint of Madmen (2012)  BRRip XviD Mp3 roflcopter2110,TV,,
The Complete Guide to Shoji and Kumiko Patterns Volume 3,Books,EBooks,"English | September 1, 2013 | ISBN: N/A | ASIN: B00EXPZBPM | 190 pages | AZW3 | 6.87 MB"
The Complete Guide to Shoji and Kumiko Patterns Volume 2,Books,EBooks,"English | June 3, 2013 | ISBN: N/A | ASIN: B00D6LQ8GU | 174 pages | AZW3 | 			  		   	  		   	  		 		   	 			   		   	  		      		  		  	 			   		  	   		  	   		   	  	 			   			     			  				 6.87 MB"
Brain World - September 2018,Books,Magazines,English | 72 pages | True PDF | 8.0 MB
Churches in Rome: A complete guide to the most important churches in Rome,Books,EBooks,"English | July 23, 2015 | ISBN: 1515206238 | 142 pages | AZW3 | 7.47 MB"
Cellular Networks: Design and Operation - A Real World Perspective,Books,EBooks,"English | August 27, 2014 | ISBN: 1478732083 | 408 pages | AZW3 | 7.38 MB"
Why Does Batman Carry Shark Repellent?: And Other Amazing Comic Book Trivia!,Books,EBooks,"English | May 29, 2012 | ISBN: 0452297842 | 288 pages | AZW3 | 7.57 MB"
Business and Corporate Aviation Management,Books,EBooks,"English | May 14, 2013 | ISBN: 0071801901 | 432 pages | AZW3 | 7.65 MB"
Beating Cancer with Nutrition: Optimal Nutrition Can Improve Outcome in Medically Treated Cancer Patients,Books,EBooks,"English | November 15, 2011 (2005) | ISBN: 096383729X | EPUB | 414 pages | 14.1 MB"
100 Bloody Acres 2012 1080p BluRay H264 AAC-RARBG,Movies,,"
Language: English,
1 h 30 min | 1.73 GiB | 2 730 kb/s | 1920x800 | AAC @ 224 kb/s, 2 channels | mp4,
Genre:Comedy | Horror"
The First World War: A New History,Books,EBooks,"English | February 13, 2014 | ISBN: 1471134261 | 400 pages | AZW3 | 7.62 MB"
The Insatiable 2006 720p BluRay H264 AAC-RARBG,Movies,,"
Language: English,
1 h 42 min | 1.24 GiB | 1 732 kb/s | 1280x720 | AAC @ 224 kb/s, 2 channels | mp4,
Genre: Comedy | Horror | Romance | Thriller"
"CCleaner: Memory Cleaner, Phone Booster, Optimizer v4.8.1 Professional Mod",Applications,Android,
Nature - 16 August 2018,Books,Magazines,English | 339 pages | True PDF | 217.51 MB
Nature - 30 August 2018,Books,Magazines,English | 360 pages | True PDF | 237.87 MB
Little Foodie: Baby Food Recipes for Babies and Toddlers with Taste,Books,EBooks,2015 | 228 Pages | ISBN: 1942411049 | EPUB | 5 MB
Intrace: Visual Traceroute v1.52 build 252 Premium,Applications,Android,
Probability Theory: A Concise Course (Dover Books on Mathematics),Books,EBooks,"English | June 1, 1977 | ISBN: 0486635449 | 160 pages | AZW3 | 6.76 MB"
Building Design + Construction September 2018,Books,Magazines,English | True PDF | 84 pages | 15.3 MB
The Unicorn Craft Book: Over 25 Magical Projects to Inspire Your Imagination,Books,EBooks,"English | August 9th, 2018 | ISBN: 1631583034 | 168 Pages | EPUB | 10.91 MB"
Kama: The Riddle of Desire,Books,EBooks,2018 | ISBN: 0670087378 | English | 320 pages | EPUB/AZW3 | 0.7 MB/0.8 MB
MyRadar NOAA Weather Radar v7.2.8 PRO,Applications,Android,
The Oxford Handbook of Innovation Management (Oxford Handbooks),Books,EBooks,"English | February 28, 2014 | ISBN: 019969494X | 720 pages | AZW3 | 6.60 MB"
Charlottes Web 2006 1080p BluRay H264 AAC-RARBG,Movies,,"
Language: English,
1 h 36 min | 1.85 GiB | 2 730 kb/s | 1920x1080 | AAC @ 224 kb/s, 2 channels | mp4,
Genre: Comedy | Family | Fantasy"
MediaInfo 18.08.1 macOS,Applications,macOS,macOS 10.6 or later | Language: Multilanguage | Size: 6 MB
TripMode 2.2.0 macOS,Applications,macOS,macOS 10.10 or later | Language: English | Size: 17 MB
"Storm Proofing your Boat, Gear, and Crew: Surviving a large storm aboard a small boat on a big ocean",Books,EBooks,"English | May 29, 2016 | ISBN: 1533352720 | 338 pages | AZW3 | 6.58 MB"
Brewing: RSC,Books,EBooks,"English | July 5, 2013 | ISBN: 1849736022 | 332 pages | AZW3 | 6.61 MB"
Leading Organizational Learning: Harnessing the Power of Knowledge (PDF),Books,EBooks,English | 2004 | ISBN: 0787972185 | Pages: 384 | PDF | 3 MB
Call Recorder - Automatic Call Recorder - callX v6.9 Premium,Applications,Android,
DJ Ostkurve - Best of DJ Ostkurve (2018) Mp3 / Flac,Music,Lossless,"
Mp3 CBR 320 kbps / Flac (tracks) | Schlager, Pop, House, Dance | 1:52:09 | 258 / 888 MB"
"Going Down to the River: A Homeless Musician, an Unforgettable Song, and the Miraculous Encounter that Changed a Life",Books,EBooks,"English | September 11th, 2018 | ISBN: 0718095677 | 304 Pages | EPUB | 0.46 MB"
Automatic Call Recorder & Hide App Pro-callBOX v5.2-mod,Applications,Android,
Supply Chain Management at Warp Speed: Integrating the System from End to End,Books,EBooks,"English | 2009-04-28 | ISBN: 1420073354 | 232 pages | PDF | 3,8 MB"
Character Disturbance: The Phenomenon of Our Age,Books,EBooks,English | 2011 | ISBN: 1935166328 | 256 			  		      	 			   		      	 			   		      	 			   		    			 Pages | EPUB | 1.2 MB
Every Woman's Guide To Saving The Planet,Books,EBooks,"English | September 11th, 2018 | ISBN: 0733339670 | 256 Pages | EPUB | 2.62 MB"
Elementary S06E20 1080p WEB x264-TBS,TV,,"
Language: English,
42 min 24 s | 1.37 GiB | 4 613 kb/s | 1920x1080 | AAC @ 125 kb/s, 2 channels | mkv,
Genre: Crime | Drama | Mystery"
Strategic Innovation: Embedding Innovation as a Core Competency in Your Organization,Books,EBooks,"English | ISBN: 0787964050 | 2003-06-30 | Pages: 240 | PDF | 1,7 MB"
An Unfinished Life 2005 1080p BluRay H264 AAC-RARBG,Movies,,"
Language: English,
1 h 47 min | 2.06 GiB | 2 730 kb/s | 1920x808 | AAC @ 224 kb/s, 2 channels | mp4,
Genre: Drama"
Coffee The Drink That Changed America (2018) 1080p WEB h264-KOMPOST,TV,,
Party Night 2018 HDRip XviD AC3-EVO,Movies,,"
Language: English,
1.05 GiB | 1 h 10 min | 2 137 kb/s | AVI | 720x400 | AC-3, 48.0 kHz, 6 channels, 192 kb/s,
Genre: Horror"
"Stresses in Beams, Plates, and Shells, 3rd Edition",Books,EBooks,"2010 | ISBN: 143980270X, 9781439882528 | English | PDF | 596 pages | 48.82 MB"
12 OClock Boys 2013 1080p BluRay H264 AAC-RARBG,TV,,"
Language: English,
 1 h 15 min | 1.44 GiB | 2 730 kb/s | 1920x1080 | AAC @ 224 kb/s, 2 channels | mp4,
Genre: Documentary | Biography | Crime | Sport"
"Doctrine Collections: ManyToMany, Forms & other Complex Relations",Other,Video Tutorials,"
Duration: 2h 35m |  Video: h264, 1280x720 | Audio: AAC, 48kHz, 2 Ch | 837 MB,
Genre: eLearning | Language: English | Project Files"
"Beginning Reactive Programming with Swift: Using RxSwift, Amazon Web Services, and JSON with iOS and macOS",Books,EBooks,"English | PDF,EPUB | 2018 | 204 Pages | ISBN : 1484236203 | 23 MB"
Gator 1976 1080p BluRay H264 AAC-RARBG,Movies,,"
Language: English,
1 h 56 min | 2.22 GiB | 2 731 kb/s | 1920x816 | AAC @ 224 kb/s, 2 channels | mp4,
Genre: Action | Drama | Crime"
Fearless 2017 S01 1080p AMZN WEB-DL x265 HEVC 10bit EAC3 6.0 r00t [QXR],TV,,"
Language: English,
4 h 33 min | 7.16 GiB | 3 720 kb/s | 1920x1080 | E-AC-3 @ 640 kb/s, 6 channels | mkv,
number Of Episode: 6,
Genre: Crime | Drama | Mystery | Thriller"
Aris Quartett - Shostakovich & Schubert: String Quartets (2018) [Official Digital Download],Music,Vinyl & HR,"
FLAC (tracks) 24-bit/48 kHz | Time - 65:02 minutes | 665 MB,
Studio Master, Official Digital Download | Artwork: Digital Booklet"
Advances in Intelligent Networking and Collaborative Systems: (INCoS-2018),Books,EBooks,"English | PDF,EPUB | 2018 (2019 Edition) | 570 Pages | ISBN : 3319985566 | 88.09 MB"
Embrace of the Vampire 1995 BRRip XviD MP3-XVID,Movies,,"
Language: English,
1 h 32 min | 1.16 GiB | 1 797 kb/s | 720x388 | MPEG Audio @ 192 kb/s, 2 channels | avi,
Genre: Horror | Thriller"
The Truth Has Changed,Books,EBooks,"English | September 11th, 2018 | ISBN: 1609809238 | 144 Pages | EPUB | 9.83 MB"
"Mechanics of Materials (8th Edition), by Russell C. Hibbeler",Books,EBooks,English | 2010 | ISBN: 0136022308 | PDF | 888 pages | 76.52 MB
House of Saddam S01 1080p WEB-DL AAC2.0 H.264-QUEENS,TV,,"
Language: English,
8.77 GiB | 4 h 3 min | 5 265 kb/s | Matroska | 1912x1072 | AAC, 48.0 KHz, 2 channels, 123 Kbps | 4 Episodes,
Genre: Biography | Drama | History"
Son of Dracula 1943 1080p BluRay H264 AAC-RARBG,Movies,,"
Language: English,
1 h 20 min | 1.53 GiB | 2 730 kb/s | 1456x1080 | AAC @ 224 kb/s, 2 channels | mp4,
Genre: Fantasy | Horror"
"Chatelaine's Modern Classics: The Very Best from the Chatelaine Kitchen: 250 Fast, Fresh, Flavourful Recipes",Books,EBooks,"2010 | ISBN: 0470739827, 1118218000 | English | 400 pages | PDF | 45 MB"
Harrow S01E01 1080p HDTV h264-SFM,TV,,"
Language: English,
41 min 37 s | 1.78 GiB | 6 106 kb/s | 1920x1080 | MPEG Audio @ 128 kb/s, 2 channels | mkv,
Genre:  Drama"
The Spirit of Joy: How to Live a Psycho-Spiritually Integrated Life,Books,EBooks,"English | July 31st, 2018 | ISBN: 1543938256 | 			  		      	 			   		      	 			   		      	 			   		    			 143 Pages | EPUB | 0.40 MB"
Welcome to the Age of Emotion: How to Attract and Connect With Customers Using Video,Books,EBooks,"English | July 26th, 2018 | ISBN: 1925648788 | 154 Pages | EPUB | 0.55 MB"
"Electromagnetic, Mechanical, and Transport Properties of Composite Materials (Surfactant Science), by Rajinder Pal",Books,EBooks,English | 2014 | ASIN: B00MOU4VJA | PDF | 442 pages | 6.92 MB
Harrow S01E02 1080p HDTV h264-SFM,TV,,"
Language: English,
41 min 37 s | 1.77 GiB | 6 098 kb/s | 1920x1080 | MPEG Audio @ 128 kb/s, 2 channels | mkv,
Genre:  Drama"
Marvels Agent Carter S01 Complete 720p BluRay X264-REWARD,TV,,"
Language: English,
17.4 GiB | 5 h 35 min | 7 322 kb/s | Matroska | 1280x720 | DTS, 48.0 KHz, 6 channels, 1 509 Kbps | 8 Episodes,
Genre: Action | Adventure | Sci-Fi"
Siemens Simcenter Testlab 18.0,Applications,Windows,OS: Windows 32/64bit | Language: English | Size: 5 GB
Closer UK - 19 September 2018,Books,Magazines,English | 100 pages | True PDF | 15.1 MB
Green Communications and Networking,Books,EBooks,2013 | ISBN-10: 1439899134 | 399 pages | PDF | 5 MB
"They Shoot... They Score!: Lessons in Leadership, Innovation and Strategy from the Business of Sports",Books,EBooks,"English | August 1st, 2018 | ISBN: 1543942059 | 600 Pages | EPUB | 1.19 MB"
Effective Help Desk Specialist Skills,Books,EBooks,"English | November 16, 2014 | ISBN: 0789752409 | 456 pages | AZW3 | 6.20 MB"
José Carreras - A Life In Music (2016) Mp3,Music,Mp3,"
Mp3 CBR 320 kbps | Oper, Sinfonien, Classical | 01:51:28 | 256 Mb"
Changing Lanes 2002 BluRay 10Bit 1080p DD5.1 H265-d3g,Movies,,"
Language: English,
2.12 GiB | 1 h 38 min | 3 080 kb/s | Matroska | 1920x820 | AC-3, 48.0 kHz, 6 channels, 448 kb/s,
Genre: Drama | Thriller"
"Going Down to the River: A Homeless Musician, an Unforgettable Song, and the Miraculous Encounter that Changed a Life",Books,EBooks,"English | September 11th, 2018 | ISBN: 0718095677 | 240 Pages | True PDF | 3.79 MB"
"Energiewende verstehen: Die Zukunft von Autoverkehr, Heizen und Strompreisen",Books,EBooks,"German | PDF,EPUB | 2018 | 181 Pages | ISBN : 3662577860 | 5.96 MB"
"William Godwin: Philosopher, Novelist, Revolutionary, 2nd Edition",Books,EBooks,2017 | ISBN: 1629633860 | English | 544 pages | PDF | 19 MB
Analysis of Clinical Trials Using SAS: A Practical Guide,Books,EBooks,"English | July 20, 2018 | ISBN: 1635269199 | 410 pages | AZW3 | 7.30 MB"
"Education, Change and Society, 4th Edition",Books,EBooks,2017 | ISBN: 0190309768 | English | 576 pages | PDF | 19 MB
"BBC - Ben Zand: Cults, Gangs and God (2018) 720p HDTV x264-TVC",TV,,
Electronic Nose: Algorithmic Challenges,Books,EBooks,"English | PDF,EPUB | 2018 | 339 Pages | ISBN : 9811321663 | 17.72 MB"
"Ecological Restoration in the Midwest : Past, Present, and Future",Books,EBooks,English | 2018 | ISBN: 160938573X | 305 Pages | PDF | 2.8 MB
British GQ - October 2018,Books,Magazines,English | 290 pages | True PDF | 39.5 MB
Sound Masters - MARTIN GARIXX Complete Production Package MULTiFORMAT,Other,Audio Samples,
In Hell 2003 1080p BluRay x264-YTS,Movies,,"
Language: English,
1.56 GiB | 1 h 37 min | 2 301 kb/s | MPEG-4 | 1920x1024 | AAC, 48.0 kHz, 2 channels, 144 kb/s,
Genre: Action | Thriller | Drama"
VA -  Less Drama More Deep-House Vol. 2 (2018),Music,Mp3,"
Soulful, Detroit, Chicago House, Minimal, Techno,
320 kbps | MP3 | 2018 | 03:08:46 | 432 Mb"
Strangers S01E01 1080p HDTV x264-MTB,TV,,"
Language: English,
43 min 38 s | 2.08 GiB | 6 808 kb/s | 1920x960 | AC-3 @ 192 kb/s, 2 channels | mkv,
Genre: Drama | Thriller"
"Milady Standard Cosmetology, 13th Edition",Books,EBooks,2016 | ISBN: 1285769430 | English | PDF | 1152 pages | 371.6 MB
Patient Safety and Healthcare Improvement at a Glance (AZW3),Books,EBooks,"English | September 15, 2014 | ISBN: 1118361369 | 144 pages | AZW3 | 6.36 MB"
The Spy Next Door 2010 720p BluRay H264 AAC-RARBG,Movies,,"
Language: English,
1 h 34 min | 1.14 GiB | 1 731 kb/s | 1280x720 | AAC @ 224 kb/s, 2 channels | mp4,
Genre: Action | Comedy | Family"
Accessory to War: The Unspoken Alliance Between Astrophysics and the Military (Audiobook),Books,Audio books,"English | September 11th, 2018 | ASIN: B07DHSML2R | , kbps | 18 hrs 38 mins | 512 MB"
"Practical Time Series Forecasting with R: A Hands-On Guide, 2nd Edition",Books,EBooks,"2016 | ISBN: 0997847913, 0997847921 | English | 232 pages | PDF | 4 MB"
Poison Foods of North America: Guide to navigating the glyphosate mine field in our food web,Books,EBooks,"English | April 1, 2017 | ISBN: 1520976429 | 422 pages | AZW3 | 6.32 MB"
Honeywell UniSim Design Suite R460.1,Applications,Windows,"x86,x64 |Language:English | File Size: 2.25 GB"
AJAX and PHP: Building Responsive Web Applications (PDF),Books,EBooks,2006 | ISBN: 1904811825 | English | PDF | 284 pages | 5.6 MB
The Best Little Whorehouse in Texas 1982 BRRip XviD MP3-XVID,Movies,,"
Language: English,
 1 h 54 min | 1.44 GiB | 1 805 kb/s | 720x306 | MPEG Audio @ 192 kb/s, 2 channels | avi,
Genre: Comedy | Musical"
Dans la brume 2018 BluRay iPad 720p AAC x264-CHDPAD,Movies,iPad,"
,
 1.67 GiB | 1 h 29 min | 2 693 kb/s | MPEG-4 | 1280x720 | AAC, 44.1 kHz, 2 channels, 192 kb/s,
Genre: Sci-Fi"
Hello Amsterdam - September-October 2018,Books,Magazines,English | 148 pages | PDF | 35.50 MB
Collider Physics,Books,EBooks,1996 | ISBN-10: 0201149451 | 624 pages |  English | PDF | 14 MB
Quantum Theory of Angular Momentum,Books,EBooks,English | 1988 | ISBN: 9971509962 | 528 Pages | PDF | 134.9 MB
"Garden News - September 15, 2018",Books,Magazines,English | 60 pages | True PDF | 44 MB
Just Visiting 2001 720p BluRay x264-x0r,Movies,,"
Language: English,
1.85 GiB | 1 h 28 min | 3 008 kb/s | Matroska | 1280x720 | AC-3, 48.0 kHz, 2 channels, 448 kb/s,
Genre: Comedy | Fantasy | Sci-Fi"
NCH Express Zip 5.12 Beta,Applications,Windows,File size: 3.0 MB
Power & Motoryacht - October 2018,Books,Magazines,English | 196 pages | True PDF | 37.7 MB
Destination WA Wildflower Trial (2018) 720p WEB h264-KOMPOST,TV,,
VA - Soul Normalization Vol 6 (2018),Music,Mp3,"
Original Release Date: 11 September, 2018,
Genre: House, Tech House, Deep House,
Format: MP3 320Kbps,
Size: 171 MB,
Total Length:74:45"
The Power of Social Intelligence: 10 Ways to Tap into Your Social Genius by Tony Buzan,Books,EBooks,"English | ISBN: 0722540485 , 0007150164 | 2002 | PDF | 160 pages | 1,6 MB"
Fugitive at 17 2012 1080p BluRay H264 AAC-RARBG,Movies,,"
Language: English,
1.73 GiB | 1 h 31 min | 2 730 kb/s | MPEG-4 | 1920x1080 | AAC, 48.0 KHz, 2 channels, 224 kbps,
Genre: Crime | Mystery | Thriller"
BBC - Tales of Tudor Travel: The Explorer's Handbook (2018) 1080p HDTV x264 MVGroup,TV,,
VA - Ibiza Closing Megamix 2018: All the Hits (2018) MP3,Music,Mp3,"
Mp3 320 kbps | Dance, Disco, House | 02:36:24 | 1CD | 358 Mb"
"Frontiers of Engineering: Reports on Leading-Edge Engineering from the 2009 Symposium, by National Academy Of Engineering",Books,EBooks,English | 2010 | ISBN: 0309148189 | PDF | 176 pages | 19.62 MB
Learning Perl: Making Easy Things Easy and Hard Things Possible (AZW3),Books,EBooks,"ASIN: B01M60UJY9, ISBN: 1491954329 | 2016 | AZW3 | 394 pages | 1 MB"
Seven Stories Every Salesperson Must Tell,Books,EBooks,"English | July 5th, 2018 | ISBN: 1925648699, 1925648974 | 266 Pages | EPUB | 2.38 MB"
Azure Machine Learning Development: 3 Deploying and Managing Models,Other,Video Tutorials,"MP4 | Video: h264, 1280x720 | Audio: AAC, 48 KHz, 2 Ch ,
Genre: eLearning | Language: English + .SRT ,
Level: Intermediate | Duration: 50m 4s | 110 MB"
Fundamentals of Materials Science and Engineering: An Integrated Approach (3rd Edition),Books,EBooks,English | 2007 | ISBN: 0470125373 | PDF | 912 pages | 26.23 MB
JetBrains Rider 2018.2.2 (x64),Applications,Windows,File size: 349 MB
The Retrieval 2013 1080p BluRay H264 AAC-RARBG,Movies,,"
Language: English,
1 h 34 min | 1.79 GiB | 2 727 kb/s | 1920x1080 | AAC @ 224 kb/s, 2 channels | mp4,
Genre: Adventure | Drama | Western"
Udemy - Network Security Essentials,Other,Video Tutorials,"
MP4 | Video: AVC 1280x720 | Audio: AAC 48KHz 2ch | Duration: 3 Hours | Lec: 12 | 448 MB,
Genre: eLearning | Language: English"
NCH VideoPad Video Editor Professional 6.22 Beta,Applications,Windows,File size: 12.5 MB
ASP.NET Core 2 and Angular 5: Full-Stack Web Development with .NET Core and Angular,Books,EBooks,"English | November 24, 2017 | ISBN: 1788293606 | 550 pages | AZW3 | 7.83 MB"
The Definitive Guide To Object Oriented Programming in PHP,Other,Video Tutorials,"
$30 | Created by WebForMySelf.com Academy | Last Updated 9/2018,
Duration: 4.5 hours |  Video: h264, 1280x720 | Audio: AAC, 44 KHz, 2 Ch | 1.6 GB,
Genre: eLearning | Language: English + Sub | 34 Resources"
The Ethology of Domestic Animals: An Introductory Text (AZW3),Books,EBooks,"English | November 16, 2017 | ISBN: 1786391651 | 			  		   	  		   	  		 		   	 			   		   	  		      		  		  	 			   		  	   		  	   		   	  	 			   			     			  				 304 pages | AZW3 | 7.83 MB"
"Health, Safety, and Environmental Management in Offshore and Petroleum Engineering (AZW3)",Books,EBooks,"English | May 2, 2016 | ISBN: 1119221846 | 272 pages | AZW3 | 7.83 MB"
Python A-Z™: Python For Data Science With Real Exercises,Other,Video Tutorials,"
MP4 | Video: AVC 1280x720 | Audio: AAC 48KHz 2ch | Duration: 11 Hours | Lec: 69 | 2.18 GB,
Genre: eLearning | Language: English"
How to add Push Notifications in Mobile and websites apps,Other,Video Tutorials,"MP4 | Video: h264, 1280x720 | Audio: AAC, 48 KHz, 2 Ch ,
Genre: eLearning | Language: English | + Resource Files,
Last updated 9/2018 | Duration: 1h 13m| 763 MB"
µTorrent® Pro - Torrent App v5.3.3-mod,Applications,Android,
Easy Christmas Cut-Up Cakes,Books,EBooks,ISBN: 1423650360 | 2018 | EPUB | 72 pages | 12 MB
Duolingo: Learn Languages Free v3.99.1-mod,Applications,Android,
How I Learned 12 Languages — The Polyglot Mind Series,Other,Video Tutorials,"
MP4 | Video: AVC 1280x720 | Audio: AAC 48KHz 2ch | Duration: 1.5 Hours | Lec: 30 | 966 MB,
Genre: eLearning | Language: English"
To Trust or Not To Trust - Love's Labours Lost. A Sad Family Story,Books,EBooks,"English | July 26th, 2018 | ISBN: 1786069539 | 320 Pages | EPUB | 3.63 MB"
The Ninth Configuration 1980 1080p BluRay H264 AAC-RARBG,Movies,,"
Language: English,
1 h 57 min | 2.25 GiB | 2 731 kb/s | 1920x808 | AAC @ 224 kb/s, 2 channels | mp4,
Genre: Comedy | Drama | Horror | Mystery | Thriller"
"Relentlessly Plain: Seventh Millennium Ceramics at Tell Sabi Abyad, Syria",Books,EBooks,"English | October 14th, 2018 | ISBN: 1789250846 | 384 Pages | EPUB | 26.37 MB"
Manny 2014 720p BluRay H264 AAC-RARBG,TV,,"
Language: English,
1 h 27 min | 1.06 GiB | 1 730 kb/s | 1280x720 | AAC @ 224 kb/s, 2 channels | mp4,
Genre:Documentary | Biography | Sport"
Kill the Irishman 2011 1080p BluRay H264 AAC-RARBG,Movies,,"
Language: English,
1 h 46 min | 2.03 GiB | 2 728 kb/s | 1920x1080 | AAC @ 224 kb/s, 2 channels | mp4,
Genre: Biography | Crime | Drama"
Oceans Eight 2018 1080p BluRay x265 HEVC 10bit AAC 7.1 Joy [UTR],Movies,,"
Language: English,
 1.45 GiB | 1 h 50 min | 1 889 kb/s | Matroska | 1920x800 | AAC, 48.0 kHz / 24.0 kHz, 7 channels, 276 kb/s,
Genre:  Action | Comedy | Crime | Thriller"
The People's Hope: How to Save America and the World from the Predator Class,Books,EBooks,"English | July 15th, 2018 | ISBN: 1543936075 | 170 Pages | EPUB | 0.99 MB"
Microsoft Office 2016 for Mac 16.17 VL Multilingual,Applications,macOS,File size: 1.67 GB
BitTorrent® Pro - Torrent App v5.3.3-mod,Applications,Android,
Finance for Managers (UK Higher Education Business Finance),Books,EBooks,"English | September 1, 2012 | ISBN: 0077140079 | 258 pages | AZW3 | 6.96 MB"
Modernizing Repression: Police Training and Nation Building in the American Century,Books,EBooks,English | ISBN: 1558499172 | 2012 | 402 pages | PDF | 4 MB
Hurricane 2018 1080p WEB-DL DD 5.1 x264 [MW],Movies,,"
Language: English,
 1.89 GiB | 1 h 47 min | 2 513 kb/s | Matroska | 1912x792 | AC-3, 48.0 kHz, 6 channels, 384 kb/s,
Genre: Drama | War"
"7th International Conference on Compressors and their Systems 2011, by IMechE",Books,EBooks,English | 2011 | ISBN: 0857092081 | PDF | 504 pages | 91.87 MB
Julius Caesar 1953 WEBRip x264-ION10,Movies,,"
Language: English,
2 h 1 min | 1.15 GiB | 1 360 kb/s | 720x528 | AAC @ 256 kb/s, 2 channels | mp4,
Genre:  Biography | Drama | History"
Bioinformatics: Sequence Alignment and Markov Models (EPUB),Books,EBooks,ISBN: 0071593063 | 2008 | EPUB | 320 pages | 5 MB
Art Tatum - All That Jazz Vol.103 Piano Giant Art Tatum Live in Hollywood and in Studio (2018) FLAC/MP3,Music,Lossless,"
FLAC (tracks) / Mp3 320 kbps | Jazz, Instrumental | 1:01:07 | 1CD | 175 Mb / 138 Mb"
Android Pack only Paid Week 36.2018,Applications,Android,File size: 1.5 GB
"VA - Retro House Essentials, Vol. 7 (2018)",Music,Mp3,"
Original Release Date: March 26, 2018 ,
Genre: House, Tech House, Deep House,
Format: MP3 320Kbps,
Size: 301 MB,
Total Length:02:10:41"
"Victoria - December 24, 2018",Books,Magazines,English | 100 pages | True PDF | 20.6 MB
Avengers Infinity War 2018 Bluray 2160p Atmos TrueHD 7.1 x265 10-bit-CHD,Movies,4K Movies,"
,
 19.4 GiB | 2 h 29 min | 18.6 Mb/s | Matroska | 3840x1608 | Atmos / TrueHD,  / 48.0 kHz, Object Based / 8 channels, 4 534 kb/s | DTS, 48.0 kHz, 6 channels, 1 509 kb/s,
Genre: Action | Adventure | Fantasy | Sci-Fi"
Southern Home - December 24 2018,Books,Magazines,English | 116 pages | True PDF | 19.0 MB
Haunted Changi 2010 WEBRip x264-ION10,Movies,,"
Language: English,
1 h 20 min | 784 MiB | 1 356 kb/s | 720x400 | AAC @ 256 kb/s, 2 channels | mp4,
Genre: Horror | Mystery | Thriller"
Avee Music Player (Pro) v1.2.83 Premium,Applications,Android,
Rawhead Rex 1986 720p BluRay x264-x0r,Movies,,"
Language: English,
1.96 GiB | 1 h 29 min | 3 138 kb/s | Matroska | 1280x720 | AC-3, 48.0 kHz, 2 channels, 192 kb/s,
Genre: Fantasy | Horror | Mystery"
Soundings - October 2018,Books,Magazines,English | 156 pages | True PDF | 25.5 MB
Going Under 2004 720p BluRay H264 AAC-RARBG,Movies,,"
Language: English,
1 h 37 min | 1.18 GiB | 1 731 kb/s | 1280x694 | AAC @ 224 kb/s, 2 channels | mp4,
Genre:Drama"
Fuzz 1972 BRRip XviD MP3-XVID,Movies,,"
Language: English,
1 h 32 min | 1.17 GiB | 1 806 kb/s | 720x390 | MPEG Audio @ 192 kb/s, 2 channels | avi,
Genre: Action | Comedy | Crime | Drama | Mystery | Thriller"
Ibiza Style - August 2018,Books,Magazines,English/Spanish/German | 132 pages | PDF | 26.50 MB
Stick 1985 720p BluRay H264 AAC-RARBG,Movies,,"
Language: English,
1 h 44 min | 1.26 GiB | 1 730 kb/s | 1280x688 | AAC @ 224 kb/s, 2 channels | mp4,
Genre: Action | Crime | Drama | Thriller"
Statics and Mechanics of Materials (4th Edition),Books,EBooks,English | 2013 | ISBN: 0133451607 | PDF | 912 pages | 160.23 MB
Program Management (Fundamentals of Project Management) ( AZW3),Books,EBooks,"English | February 10, 2016 | ISBN: 1472474279 | 304 pages | AZW3 | 7.41 MB"
Building Single Page Application Using ASP.NET Core & Angular (AZW3),Books,EBooks,"English | February 22, 2018 | ISBN: N/A | ASIN: B079ZYGH5V | 508 pages | AZW3 | 7.03 MB"
G.I. Jane 1997 720p BluRay H264 AAC-RARBG,Movies,,"
Language: English,
2 h 5 min | 1.51 GiB | 1 731 kb/s | 1280x544 | AAC @ 224 kb/s, 2 channels | mp4,
Genre: Action | Drama | War"
Shadow Sovereigns: How Global Corporations are Seizing Power,Books,EBooks,"English | June 29, 2015 | ISBN: 074569781X, 0745697828 | EPUB | 208 pages | 1.2 MB"
Lixoft Monolix Suite 2018 R2 (x64),Applications,Windows,File size: 131 MB
Statistical And Data Handling Skills in Biology,Books,EBooks,"English | March 28, 2018 | ISBN: 1292086033 | 437 pages | AZW3 | 7.48 MB"
"CliffsNotes Cbest, 7th Edition (Cliffs Test Prep Cbest)",Books,EBooks,"English | March 19, 2010 | ISBN: 0470454539 | 384 pages | AZW3 | 7.42 MB"
The Night Of The Grizzly 1966 720p HDTV x264-PLUTONiUM,Movies,,"
Language: English,
1 h 36 min | 3.97 GiB | 5 864 kb/s | 1280x544 | AC-3 @ 384 kb/s, 2 channels | mkv,
Genre: Adventure | Western"
Bambi II 2006 BluRay 1080p DD5.1 H265-d3g,Movies,,"
Language: English,
1.95 GiB | 1 h 12 min | 3 857 kb/s | Matroska | 1920x1080 | AC-3, 48.0 kHz, 6 channels, 448 kb/s,
Genre: Animation | Drama | Family"
Critical Translation Studies (Routledge Advances in Translation and Interpreting Studies),Books,EBooks,"English | March 3, 2017 | ISBN: 1138229830 | 228 pages | AZW3 | 7.57 MB"
".Net Knowledge Book: Web Development with Asp.Net MVC, Azure and Entity Framework: .Net Knowledge Book (AZW3)",Books,EBooks,"English | January 7, 2017 | ISBN: 2981311042 | 278 pages | AZW3 | 7.41 MB"
Builder Magazine - September 2018,Books,Magazines,English | True PDF | 116 pages | 30.6 MB
Calculator Plus v5.7.1,Applications,Android,
Delano - September-October 2018,Books,Magazines,English | 100 pages | PDF | 21.10 MB
River Of Death 1989 1080p BluRay H264 AAC-RARBG,Movies,,"
Language: English,
1 h 41 min | 1.93 GiB | 2 729 kb/s | 1920x1040 | AAC @ 224 kb/s, 2 channels | mp4,
Genre: Adventure"
A Minute To Pray A Second To Die 1968 1080p BluRay H264 AAC-RARBG,Movies,,"
Language: English,
1 h 38 min | 1.89 GiB | 2 730 kb/s | 1920x1080 | AAC @ 224 kb/s, 2 channels | mp4,
Genre: Action | Crime | Drama | Thriller | Western"
Modeliste - October 2018,Books,Magazines,English | 242 pages | PDF | 39 MB
The Nun 2018 720p TS x264 AAC [MW],Movies,,"
Language: English,
1.14 GiB | 1 h 34 min | 1 733 kb/s | Matroska | 1280x532 | AAC, 48.0 kHz, 2 channels, 224 kb/s,
Genre: Horror | Mystery | Thriller"
Training Day 2001 1080p H264 AC3 5.1 Remastered nickarad,Movies,,"
Language: English,
2 h 2 min | 2.07 GiB | 2 423 kb/s | 1920x816 | AC-3 @ 640 kb/s, 6 channels | mp4,
Genre: Crime | Drama | Thriller"
Tac-Tac: Training Pep's Fútbol using Tactical Periodization,Books,EBooks,"English | September 14, 2016 | ISBN: 1539000249 | 90 pages | AZW3 | 7.49 MB"
Mastering the Nikon D5000 (AZW3),Books,EBooks,2010 | ISBN: 1933952520 | English | 394 pages | EPUB | 22 MB
The Taking of Pelham 123 2009 1080p H264 AC3 5.1 Remastered nickarad,Movies,,"
Language: English,
1 h 45 min | 1.86 GiB | 2 513 kb/s | 1920x800 | AC-3 @ 640 kb/s, 6 channels | mp4,
Genre:  Action | Crime | Thriller"
Brave New World: Inside Pochettino's Spurs,Books,EBooks,"English | November 20, 2018 | ISBN: 1409157733 | 368 pages | AZW3 | 6.70 MB"
BBC Natural World - Zambezi (2012) 1080p HDTV x265 AAC MVGroup,TV,,"Language: English,
58 min 39 s | 1.99 GiB | 4 855 kb/s | 1920x1080 | AAC @ 144 kb/s, 2 channels | mkv,
Genre: Documentary"
The Siege 1998 1080p H264 AC3 5.1 Remastered nickarad,Movies,,"
Language: English,
1 h 56 min | 2.28 GiB | 2 814 kb/s | 1920x812 | AC-3 @ 640 kb/s, 6 channels | mp4,
Genre: Action | Thriller"
The WM Magazine - Issue 3 2018,Books,Magazines,English | 68 pages | PDF | 15.40 MB
Chilling Visions 5 Senses Of Fear 2013 BRRip XviD MP3-XVID,Movies,,"
Language: English,
1 h 27 min | 1.10 GiB | 1 806 kb/s | 720x400 | MPEG Audio @ 192 kb/s, 2 channels | avi,
Genre: Horror"
Swinsian 2.1.8 macOS,Applications,macOS,macOS 10.7 or later | Language: English | Size: 15 MB
The Equalizer 2014 1080p H264 AC3 5.1 Remastered nickarad,Movies,,"
Language: English,
2 h 12 min | 2.45 GiB | 2 657 kb/s | 1920x808 | AC-3 @ 640 kb/s, 6 channels | mp4,
Genre: Action | Crime | Thriller"
"Big Book of Virtual Teambuilding Games: Quick, Effective Activities to Build Communication, Trust and Collaboration from",Books,EBooks,English | EPUB | 2011 | ISBN-10: 0071774351 | 256 pages | 5.7 MB
Fast Scanner Pro: PDF Doc Scan v3.8.1,Applications,Android,
BBC - Handmade in the Pacific Series 1: Yidaki (2018) 720p WEB-DL AAC2 0 H264-RTN,TV,,
Easy Scanner Pro v3.1.0 b66,Applications,Android,
"This Land: America, Lost and Found",Books,EBooks,"English | September 11, 2018 | ISBN: 0316415510 | EPUB | 400 pages | 232 MB"
Call Recorder - ACR v29.8 PRO,Applications,Android,
AppBlock - Stay Focused v2.1.4 PRO,Applications,Android,
DjVu Reader Pro 2.2.1 macOS,Applications,macOS,macOS 10.6 or later | Language: English | Size: 7 MB
BBC - Oceans Apart: Art and the Pacific with James Fox Series 1: Australia (2018) 720p WEB-DL AAC2 0 H264-RTN,TV,,
Shyam: An Illustrated Retelling of the Bhagavata,Books,EBooks,2018 | ISBN: 0670084468 | English | 304 pages | EPUB | 14 MB
"Cinema 4D Interface, Tools and Tags",Other,Video Tutorials,"MP4 | Video: h264, 1280x720 | Audio: AAC, 48 KHz, 2 Ch,
Genre: eLearning | Language: English | Duration: 4.5 hours | Size: 2.28 GB"
Using IBM SPSS Statistics for Research Methods and Social Science Statistics (AZW3),Books,EBooks,"English | March 9, 2016 | ISBN: 1506331726 | 168 pages | AZW3 | 6.59 MB"
Nancy 2018 1080p WEB-DL DD 2.0 x264 [MW],Movies,,"
Language: English,
 1.83 GiB | 1 h 26 min | 3 037 kb/s | Matroska | 1920x1080 | E-AC-3, 48.0 kHz, 2 channels, 224 kb/s,
Genre: Drama | Mystery | Thriller"
"The Wisdom Network: An 8-Step Process for Identifying, Sharing, and Leveraging Individual Expertise",Books,EBooks,"English | 2006-06-23 | ISBN: 0814473180 | 240 pages | PDF 			  		      	 			   		      	 			   		      	 			   		    			 | 1,5 MB"
Tourism Information Technology (Tourism Studies),Books,EBooks,"English | November 1, 2014 | ISBN: 1780641850 | 388 pages | AZW3 | 6.56 MB"
Adventure Time 2010 S09 1080p WEB-DL x265 HEVC 10bit AAC 2.0 ImE [QXR],TV,,"
Language: English,
Number Of Episode: 14 ,
2 h 14 min | 1.06 GiB | 1 184 kb/s | 1920x1080 | AAC @ 157 kb/s, 2 channels | mkv,
Genre: Animation | Adventure | Comedy | Family | Fantasy | Sci-Fi"
Are You Here 2013 BRRip XviD MP3-XVID,Movies,,"
Language: English,
1 h 53 min | 1.40 GiB | 1 759 kb/s | 720x400 | MPEG Audio @ 192 kb/s, 2 channels | avi,
Genre: Comedy | Drama"
Champions 2018 720p BluRay DTS x264-HDH,Movies,,"
,
 4.62 GiB | 2 h 4 min | 5 329 kb/s | Matroska | 1280x536 | DTS, 48.0 kHz, 6 channels, 1 509 kb/s,
Genre: Comedy | Drama | Sport"
"Buried Pipe Design, 3rd Edition by A. P. Moser, Steve Folkman",Books,EBooks,ISBN: 007147689X | 2008 |  English | EPUB | 601 pages | 24 MB
Zemana Mobile Antivirus v1.7.3 Premium,Applications,Android,
Cycling Climbs of the Midlands: A Road Cyclists's Guide,Books,EBooks,"English | September 22, 2016 | ISBN: 0711237069 | EPUB | 176 pages | 35.9 MB"
Cycling Climbs of Yorkshire: A Road Cyclists's Guide,Books,EBooks,"English | July 7, 2016 | ISBN: 0711237042 | EPUB | 176 pages | 38.2 			  		   	  		   	  		 		   	 			   		   	  		      		  		  	 			   		  	   		  	   		   	  	 			   			     			  				 MB"
Adventure Time 2010 S10 1080p AMZN WEB-DL x265 HEVC 10bit AAC 2.0 ImE [QXR],TV,,"
Language: English,
2 h 58 min | 1.54 GiB | 1 174 kb/s | 1920x1080 | AAC @ 148 kb/s, 2 channels | mkv,
Number Of Episode,
Genre: Animation | Adventure | Comedy | Family | Fantasy | Sci-Fi"
Candlestick by Carlos Alberto Debastiani,Books,EBooks,"Portuguese, Brazilian | 2007 | ISBN: 8575221183 | 234 pages | AZW3 | 6.43 MB"
Castle Rock S01E09 iNTERNAL 1080p WEB h264-BAMBOOZLE,TV,,"
Language: English,
 44 min 58 s | 1.14 GiB | 3 627 kb/s | 1920x1080 | AAC @ 64.0 kb/s, 2 channels | mkv,
Genre: Drama | Fantasy | Horror | Mystery | Thriller"
"Teaching in Tension: International Pedagogies, National Policies, and Teachers' Practices in Tanzania",Books,EBooks,English | 2013 | ISBN: 9462092222 | 222 Pages | PDF | 2.7 MB
JixiPix Artista Impresso Pro 1.8.7 macOS,Applications,macOS,File size: 114 MB
JixiPix Pastello Pro 1.1.7 macOS,Applications,macOS,File size: 217 MB
"Intermediate Accounting, Volume 2 (ELEVENTH CANADIAN EDITION)",Books,EBooks,English | 2015 | ISBN: 1119048540 | PDF | 816 pages | 9.24 MB
Better Call Saul S04E06 1080p WEB x264-STRiFE,TV,,"
Language: English,
47 min 43 s | 2.13 GiB | 6 403 kb/s | 1920x1080 | E-AC-3 @ 640 kb/s, 6 channels | mkv,
Genre: Crime | Drama"
"Macroeconomics, Fifth Canadian Edtion (5th Edition)",Books,EBooks,English | 2013 | ISBN: 0132164361 | PDF | 608 pages | 5.85 MB
"CSS Cookbook, 3rd Edition (Animal Guide)",Books,EBooks,English | 2010 | ISBN: 059615593X | PDF | 732 pages | 31.18 MB
FrackNation 2013 720p BluRay H264 AAC-RARBG,TV,,"
Language: English,
1 h 16 min | 950 MiB | 1 729 kb/s | 1280x720 | AAC @ 224 kb/s, 2 channels | mp4,
Genre:Documentary"
VA - Motown Gospel 20 Years: 20 Hits (2018) FLAC/MP3,Music,Lossless,"
FLAC (tracks) / Mp3 320 kbps | Soul, RnB | 01:46:12 | 1CD | 243 / 735 Mb"
BlockaNet: Free Proxy List v1.7 build 34 PRO,Applications,Android,
BlazBlue Cross Tag Battle Update v1.30-CODEX,Games,PC,"Genre: Action,
Developer: Arc System Works,
Publisher: Arc System Works,
Language: English,
Size: 648 MB"
Daughter of Dracula 1936 1080p BluRay H264 AAC-RARBG,Movies,,"
Language: English,
1 h 11 min | 1.36 GiB | 2 729 kb/s | 1440x1080 | AAC @ 224 kb/s, 2 channels | mp4,
Genre:Horror | Mystery"
Showtime 2002 1080p WEB-DL-iND,Movies,,"
Language: English,
3.59 GiB | 1 h 35 min | 5 403 kb/s | Matroska | 1920x1080 | AAC, 48.0 kHz, 2 channels, 126 kb/s,
Genre: Action | Comedy | Crime"
Black Earth Rising S01E01 1080p HDTV x264-MTB,TV,,"
Language: English,
57 min 3 s | 1.75 GiB | 4 382 kb/s | 1920x1012 | AC-3 @ 384 kb/s, 6 channels | mkv,
Genre:Thriller"
Black Earth Rising S01E01 XviD-AFG,Movies,,"
Language: English,
58 min 42 s | 439 MiB | 1 046 kb/s | 640x360 | MPEG Audio @ 128 kb/s, 2 channels | avi,
Genre:Thriller"
Best Bear Ever!: A Little Year of Liz Climo,Books,EBooks,"English | September 11th, 2018 | ISBN: 0762463627 | 112 Pages | EPUB | 38.51 MB"
Slice 2018 1080p WEB-DL DD5.1 H264-CMRG,Movies,,"
Language: English,
2.88 GiB | 1 h 22 min | 4 967 kb/s | Matroska | 1916x800 | AC-3, 48.0 kHz, 6 channels, 384 kb/s,
Genre: Comedy | Horror"
The Interrupters - The Interrupters {Deluxe Edition} (2014) Flac,Music,Lossless,"
Flac (tracks) 24-bit/44,1 kHz | Studio Master, Official Digital Download | Ska Punk, Punk Rock, Street Punk | 00:35:33 | 474 Mb"
The Daily Show 2018 Sen Amy Klobuchar and Kevin Love EXTENDED 1080p WEB x264-TBS,TV,,"
Language: English,
31 min 41 s | 902 MiB | 3 981 kb/s | 1920x1080 | AAC @ 128 kb/s, 2 channels | mkv,
Genre: Comedy | News | Talk-Show"
"The Manual for Life: Your Innate, Free, Internal Mechanism for Growing, Healing, and Evolving",Books,EBooks,"English | September 11th, 2018 | ISBN: 1483555895 | 61 Pages | EPUB | 0.11 MB"
North Woods Law S11E06 Spring Training 720p HDTV x264-W4F,TV,,"
Language: English,
41 min 37 s | 1.38 GiB | 4 760 kb/s | 1280x716 | AC-3 @ 384 kb/s, 6 channels | mkv,
Genre: Reality-T"
"Shock Waves: Measuring The Dynamic Response Of Materials, by William M. Isbell",Books,EBooks,English | 2005 | ISBN: 186094471X | PDF | 324 pages | 13.81 MB
Slice 2018 720p WEB-DL DD5.1 H264-CMRG,Movies,,"
Language: English,
2.58 GiB | 1 h 22 min | 4 460 kb/s | Matroska | 1280x534 | AC-3, 48.0 kHz, 6 channels, 384 kb/s,
Genre: Comedy | Horror"
Marlon S01 720p HDTV x264-AVS,TV,,"
Language: English,
5.44 GiB | 3 h 29 min | 3 695 kb/s | Matroska | 1280x720 | AC-3, 48.0 KHz, 6 channels, 384 Kbps | 10 Episodes,
Genre: Comedy"
Mechanics of Materials Labs with SolidWorks Simulation 2014,Books,EBooks,English | 2014 | ISBN: 1585038954 | PDF | 283 pages | 62.32 MB
Slice 2018 HDRip AC3 X264-CMRG,Movies,,"
Language: English,
1.32 GiB | 1 h 22 min | 2 272 kb/s | Matroska | 720x304 | AC-3, 48.0 kHz, 6 channels, 384 kb/s,
Genre: Comedy | Horror"
Evil Lives Here S04E05 Something Wasnt Right 720p WEBRip x264-CAFFEiNE,TV,,"
Language: English,
42 min 53 s | 617 MiB | 2 011 kb/s | 1280x720 | AAC @ 127 kb/s, 2 channels | mkv,
Genre: Biography | Crime"
"Match! - September 11, 2018",Books,Magazines,English | 64 pages | True PDF | 14.6 MB
Cuckoo S04E06 1080p HDTV H264-MTB,TV,,"
Language: English,
27 min 26 s | 807 MiB | 4 110 kb/s | 1920x1080 | AC-3 @ 192 kb/s, 2 channels | mkv,
Genre:Comedy"
Made You Look (2015) 720p HDTV x264-CBFM,TV,,
"Surface Production Operations, Volume 1: Design of Oil Handling Systems and Facilities, 3rd Edition",Books,EBooks,2008 | ISBN: 0750678534 | English | PDF | 747 pages | 14.31 MB
Unleashed: Business and Life With Purpose: How to Make a Profit While Making a Difference,Books,EBooks,"English | August 6th, 2018 | ISBN: 1925648923 | 178 Pages | EPUB | 1.02 MB"
What's on TV - 15 September 2018,Books,Magazines,English | 100 pages | True PDF | 14.6 MB
"Edexcel UK Government and Politics for AS/A Level, 5th Edition",Books,EBooks,2017 | ISBN: 1471889319 | English | 352 pages | PDF | 14 MB
"Energiewende verstehen: Die Zukunft von Autoverkehr, Heizen und Strompreisen",Books,EBooks,"German | PDF,EPUB | 2018 | 181 Pages | ISBN : 3662577860 | 5.96 MB"
"Fundamentals of Statistical Signal Processing, Volume II: Detection Theory",Books,EBooks,1998 | ISBN: 013504135X | English | PDF Scaned  | 576 pages | 28.22 MB
5 Dollars A Day 2008 720p BluRay H264 AAC-RARBG,Movies,,"
Language: English,
1 h 37 min | 1.18 GiB | 1 731 kb/s | 1280x694 | AAC @ 224 kb/s, 2 channels | mp4,
Genre: Comedy | Drama"
B4B: How Technology and Big Data Are Reinventing the Customer-Supplier Relationship AZW3,Books,EBooks,"English | October 14, 2013 | ISBN: 0986046205 | 240 pages | AZW3 | 6.26 MB"
"UK Government and Political Participation for AS/A Level, 5th Edition",Books,EBooks,2017 | ISBN: 1471889238 | English | 352 pages | PDF | 16 MB
Network Kit X 7.0.1 macOS,Applications,macOS,macOS 10.11 or later | Language: Multilanguage | Size: 15 MB
Your Financial Revolution: The Power Of Rest,Books,EBooks,"English | January 30th, 2018 | ISBN: 1945930039 | 176 Pages | EPUB | 0.34 MB"
Timeless: Alarm Clock 1.9 macOS,Applications,macOS,macOS 10.10 or later | Language: English | Size: 18 MB
In Good Company 2004 720p BRRip 5.1AAC x264-ILPruny,Movies,,"
Language: English,
1.60 GiB | 1 h 49 min | 2 090 kb/s | MPEG-4 | 1280x688 | AAC, 48.0 kHz, 2 channels, 192 kb/s,
Genre: Comedy | Drama | Romance"
The Red Bulletin UK - October 2018,Books,Magazines,English | 100 pages | PDF | 22 MB
Social Nightmare 2013 1080p BluRay H264 AAC-RARBG,Movies,,"
Language: English,
1 h 31 min | 1.74 GiB | 2 727 kb/s | 1920x1080 | AAC @ 224 kb/s, 2 channels | mp4,
Genre: Drama | Horror | Mystery | Thriller"
Mara 2018 1080p WEB-DL DD 5.1 x264 [MW],Movies,,"
Language: English,
1.93 GiB | 1 h 39 min | 2 789 kb/s | Matroska | 1920x800 | AC-3, 48.0 kHz, 6 channels, 640 kb/s,
Genre:  Crime | Horror | Thriller"
Introduction to Coastal Processes and Geomorphology (AZW3),Books,EBooks,"English | July 13, 2017 | ISBN: 1138458120 | 368 pages | AZW3 | 6.32 MB"
Peppermint 2018 720p English HDCAM-Rip x264 MP3 750MB [MovCr],Movies,,"
Language: English,
758 MiB | 1 h 37 min | 1 088 kb/s | Matroska | 1280x536 | MPEG Audio, 48.0 kHz, 2 channels, 80.0 kb/s,
Genre: Action | Drama | Thriller"
Bad Cat The Movie 2018 1080p WEB-DL x264 AAC-Hon3yHD,Movies,,"
Language: English,
 1.60 GiB | 1 h 22 min | 2 785 kb/s | Matroska | 1912x792 | AAC, 48.0 kHz, 6 channels, 333 kb/s,
Genre: Animation | Action | Adventure | Comedy | Family | Fantasy"
The Night Before The Night Before Christmas 2010 1080p BluRay H264 AAC-RARBG,Movies,,"
Language: English,
1 h 28 min | 1.68 GiB | 2 732 kb/s | 1920x1080 | AAC @ 224 kb/s, 2 channels | mp4,
Genre:Family | Fantasy"
RoboCop 2014 BluRay 720p DTS 2 Audio x264-CHD,Movies,,"
,
5.50 GiB | 1 h 57 min | 6 699 kb/s | Matroska | 1280x534 | DTS, 48.0 kHz, 6 channels, 1 509 kb/s | AC-3, 48.0 kHz, 2 channels, 320 kb/s,
Genre: Action | Crime | Sci-Fi | Thriller"
The Malibu Bikini Shop 1986 WEBRip x264-ION10,Movies,,"
Language: English,
1 h 39 min | 964 MiB | 1 359 kb/s | 720x390 | AAC @ 256 kb/s, 2 channels | mp4,
Genre:Comedy | Romance"
Statistical Inference as Severe Testing: How to Get Beyond the Statistics Wars,Books,EBooks,"2018 | ISBN: 1107054133, 1107664640 | English | 474 pages | EPUB | 3 MB"
Final Score 2018 1080p Webrip HEVC 5.1 Omikron,Movies,,"
Language: English,
2.21 GiB | 1 h 38 min | 3 204 kb/s | Matroska | 1920x804 | Opus, 48.0 kHz, 6 channels, 256 kb/s,
Genre: Action "
The Kids Are All Right 2010 1080p BluRay H264 AAC-RARBG,Movies,,"
Language: English,
 1 h 46 min | 2.03 GiB | 2 730 kb/s | 1920x1040 | AAC @ 224 kb/s, 2 channels | mp4,
Genre:  Comedy | Drama | Romance"
Butterfly Caught 2017 720p BluRay x264-x0r,Movies,,"
Language: English,
 2.25 GiB | 1 h 47 min | 3 007 kb/s | Matroska | 1280x720 | AC-3, 48.0 kHz, 6 channels, 448 kb/s,
Genre: Drama "
Bello Magazine - September 2018,Books,Magazines,English | 88 pages | PDF | 15.30 MB
Cargo 2017 720p BRRip x264 ESub [MW],Movies,,"
Language: English,
 948 MiB | 1 h 43 min | 1 279 kb/s | Matroska | 1280x572 | AAC, 48.0 kHz / 24.0 kHz, 2 channels, 127 kb/s,
Genre: Drama | Thriller"
Svengali 2013 720p BluRay H264 AAC-RARBG,Movies,,"
Language: English,
 1 h 32 min | 1.12 GiB | 1 732 kb/s | 1280x694 | AAC @ 224 kb/s, 2 channels | mp4,
Genre: Comedy | Music"
Pledges 2018 WEBRip x264-SHADOW,Movies,,"
Language: English,
685 MiB | 1 h 17 min | 1 236 kb/s | MPEG-4 | 1280x720 | AAC, 48.0 kHz, 2 channels, 132 kb/s,
Genre: Comedy | Horror"
Infamous 2006 720p BRRip x264 AAC - Ozlem,Movies,,"
Language: English,
896 MiB | 1 h 53 min | 1 107 kb/s | MPEG-4 | 1278x720 | AAC, 44.1 kHz, 2 channels, 93.5 kb/s,
Genre: Biography | Crime | Drama"
Uncle Drew 2018 720p WEB-DL X264 AC3-EVO,Movies,,"
Language: English,
 2.39 GiB | 1 h 43 min | 3 307 kb/s | Matroska | 1268x688 | AC-3, 48.0 kHz, 6 channels, 384 kb/s,
Genre: Comedy | Sport"
Native Advertising Arbitrage,Books,EBooks,"English | June 16, 2016 | ISBN: 1533650578 | 220 pages | AZW3 | 6.33 MB"
HR Analytics and Innovations in Workforce Planning,Books,EBooks,"English | December 30, 2016 | ISBN: 			  		   	  		   	  		 		   	 			   		   	  		      		  		  	 			   		  	   		  	   		   	  	 			   			     			  				 1631576224 | 150 pages | AZW3 | 6.25 MB"
Papercraft Inspirations - Issue 183 November 2018,Books,Magazines,English | 84 pages | True PDF | 45 MB
Ad Hoc Wireless Networks: Architectures and Protocols,Books,EBooks,2004 | pages: 814 | ISBN: 013147023X | PDF | 16  MB
Unfriended Dark Web 2018 720p HC HDRip x264 AAC-Hon3yHD,Movies,,"
Language: English,
 729 MiB | 1 h 32 min | 1 097 kb/s | Matroska | 1280x688 | AAC, 48.0 kHz, 2 channels, 92.6 kb/s,
Genre: Horror"
Romance and Cigarettes 2005 1080p BluRay H264 AAC-RARBG,Movies,,"
Language: English,
1 h 41 min | 1.94 GiB | 2 731 kb/s | 1920x824 | AAC @ 224 kb/s, 2 channels | mp4,
Genre:Comedy | Musical | Romance"
CrossStitcher - October 2018,Books,Magazines,English | 92 pages | True PDF | 63 MB
Higher Spin Gauge Theories,Books,EBooks,2017 | ISBN: 9813144092 | English | PDF | 404 pages | 6.1 MB
Chips 2017 1080p 10bit BluRay 6CH x265 HEVC-PSA,Movies,,"
Language: English,
1.75 GiB | 1 h 40 min | 2 486 kb/s | Matroska | 1920x1080 | AAC, 48.0 kHz / 24.0 kHz, 6 channels,
Genre: Action | Comedy | Crime"
One Good Cop 1991 1080p BluRay H264 AAC-RARBG,Movies,,"
Language: English,
1 h 44 min | 1.99 GiB | 2 729 kb/s | 1920x1040 | AAC @ 224 kb/s, 2 channels | mp4,
Genre: Action | Crime | Drama | Thriller"
The Looming Tower S01 BDRip x264-DEMAND,TV,,"
Language: English,
8 h 13 min  | 2.96 GiB | 971 kb/s | 720x406 | AAC @ 120 kb/s, 2 channels | mkv,
Number Of Parts: 10,
Genre:Drama"
Nurse Betty 2000 WEBRip x264-ION10,Movies,,"
Language: English,
1 h 50 min | 1.05 GiB | 1 356 kb/s | 720x306 | AAC @ 256 kb/s, 2 channels | mp4,
Genre: Comedy | Crime | Drama | Romance"
Murder On The Home Front 2013 1080p BluRay H264 AAC-RARBG,Movies,,"
Language: English,
1 h 33 min | 1.78 GiB | 2 731 kb/s | 1920x1080 | AAC @ 224 kb/s, 2 channels | mp4,
Genre: Crime | Mystery | Thriller"
